{"timestamp": "2024-11-08T14:14:25.605639", "type": "looking_away", "count": 1}
{"timestamp": "2024-11-08T14:14:25.628542", "type": "looking_away", "count": 2}
{"timestamp": "2024-11-08T14:14:25.653540", "type": "looking_away", "count": 3}
{"timestamp": "2024-11-08T14:14:25.699072", "type": "looking_away", "count": 4}
{"timestamp": "2024-11-08T14:14:25.721594", "type": "looking_away", "count": 5}
{"timestamp": "2024-11-08T14:14:25.743591", "type": "looking_away", "count": 6}
{"timestamp": "2024-11-08T14:14:25.811132", "type": "looking_away", "count": 7}
{"timestamp": "2024-11-08T14:14:25.837151", "type": "looking_away", "count": 8}
{"timestamp": "2024-11-08T14:14:25.858148", "type": "looking_away", "count": 9}
{"timestamp": "2024-11-08T14:14:25.908692", "type": "looking_away", "count": 10}
{"timestamp": "2024-11-08T14:14:25.930204", "type": "looking_away", "count": 11}
{"timestamp": "2024-11-08T14:14:25.951307", "type": "looking_away", "count": 12}
{"timestamp": "2024-11-08T14:14:26.001847", "type": "looking_away", "count": 13}
{"timestamp": "2024-11-08T14:14:26.024365", "type": "looking_away", "count": 14}
{"timestamp": "2024-11-08T14:14:26.047364", "type": "looking_away", "count": 15}
{"timestamp": "2024-11-08T14:14:26.099217", "type": "looking_away", "count": 16}
{"timestamp": "2024-11-08T14:14:26.120736", "type": "looking_away", "count": 17}
{"timestamp": "2024-11-08T14:14:26.144738", "type": "looking_away", "count": 18}
{"timestamp": "2024-11-08T14:14:26.209312", "type": "looking_away", "count": 19}
{"timestamp": "2024-11-08T14:14:26.231827", "type": "looking_away", "count": 20}
{"timestamp": "2024-11-08T14:14:26.255836", "type": "looking_away", "count": 21}
{"timestamp": "2024-11-08T14:14:26.306361", "type": "looking_away", "count": 22}
{"timestamp": "2024-11-08T14:14:26.330879", "type": "looking_away", "count": 23}
{"timestamp": "2024-11-08T14:14:26.353878", "type": "looking_away", "count": 24}
{"timestamp": "2024-11-08T14:14:29.105827", "type": "looking_away", "count": 25}
{"timestamp": "2024-11-08T14:14:29.127341", "type": "looking_away", "count": 26}
{"timestamp": "2024-11-08T14:14:29.148353", "type": "looking_away", "count": 27}
{"timestamp": "2024-11-08T14:14:29.202896", "type": "looking_away", "count": 28}
{"timestamp": "2024-11-08T14:14:29.226411", "type": "looking_away", "count": 29}
{"timestamp": "2024-11-08T14:14:29.248420", "type": "looking_away", "count": 30}
{"timestamp": "2024-11-08T14:14:29.269942", "type": "looking_away", "count": 31}
{"timestamp": "2024-11-08T14:14:29.313944", "type": "looking_away", "count": 32}
{"timestamp": "2024-11-08T14:14:29.336459", "type": "looking_away", "count": 33}
{"timestamp": "2024-11-08T14:14:29.409999", "type": "looking_away", "count": 34}
{"timestamp": "2024-11-08T14:14:29.432516", "type": "looking_away", "count": 35}
{"timestamp": "2024-11-08T14:14:29.457036", "type": "looking_away", "count": 36}
{"timestamp": "2024-11-08T14:14:29.507044", "type": "looking_away", "count": 37}
{"timestamp": "2024-11-08T14:14:29.529559", "type": "looking_away", "count": 38}
{"timestamp": "2024-11-08T14:14:29.551568", "type": "looking_away", "count": 39}
{"timestamp": "2024-11-08T14:14:29.603090", "type": "looking_away", "count": 40}
{"timestamp": "2024-11-08T14:14:29.625614", "type": "looking_away", "count": 41}
{"timestamp": "2024-11-08T14:14:29.646621", "type": "looking_away", "count": 42}
{"timestamp": "2024-11-08T14:14:29.670154", "type": "looking_away", "count": 43}
{"timestamp": "2024-11-08T14:14:29.715153", "type": "looking_away", "count": 44}
{"timestamp": "2024-11-08T14:14:29.734668", "type": "looking_away", "count": 45}
{"timestamp": "2024-11-08T14:14:29.811204", "type": "looking_away", "count": 46}
{"timestamp": "2024-11-08T14:14:29.831719", "type": "looking_away", "count": 47}
{"timestamp": "2024-11-08T14:14:29.854727", "type": "looking_away", "count": 48}
{"timestamp": "2024-11-08T14:14:29.907251", "type": "looking_away", "count": 49}
{"timestamp": "2024-11-08T14:14:29.927760", "type": "looking_away", "count": 50}
{"timestamp": "2024-11-08T14:14:29.948767", "type": "looking_away", "count": 51}
{"timestamp": "2024-11-08T14:14:32.148636", "type": "looking_away", "count": 52}
{"timestamp": "2024-11-08T14:14:32.171635", "type": "looking_away", "count": 53}
{"timestamp": "2024-11-08T14:14:32.212642", "type": "looking_away", "count": 54}
{"timestamp": "2024-11-08T14:14:32.234680", "type": "looking_away", "count": 55}
{"timestamp": "2024-11-08T14:14:32.255678", "type": "looking_away", "count": 56}
{"timestamp": "2024-11-08T14:14:32.306686", "type": "looking_away", "count": 57}
{"timestamp": "2024-11-08T14:14:32.328223", "type": "looking_away", "count": 58}
{"timestamp": "2024-11-08T14:14:32.349735", "type": "looking_away", "count": 59}
{"timestamp": "2024-11-08T14:14:32.371731", "type": "looking_away", "count": 60}
{"timestamp": "2024-11-08T14:14:32.418261", "type": "looking_away", "count": 61}
{"timestamp": "2024-11-08T14:14:32.438784", "type": "looking_away", "count": 62}
{"timestamp": "2024-11-08T14:14:32.460790", "type": "looking_away", "count": 63}
{"timestamp": "2024-11-08T14:14:32.514792", "type": "looking_away", "count": 64}
{"timestamp": "2024-11-08T14:14:32.535315", "type": "looking_away", "count": 65}
{"timestamp": "2024-11-08T14:14:32.610843", "type": "looking_away", "count": 66}
{"timestamp": "2024-11-08T14:14:32.635370", "type": "looking_away", "count": 67}
{"timestamp": "2024-11-08T14:14:32.659890", "type": "looking_away", "count": 68}
{"timestamp": "2024-11-08T14:14:32.707897", "type": "looking_away", "count": 69}
{"timestamp": "2024-11-08T14:14:32.728431", "type": "looking_away", "count": 70}
{"timestamp": "2024-11-08T14:14:32.749954", "type": "looking_away", "count": 71}
{"timestamp": "2024-11-08T14:14:32.772958", "type": "looking_away", "count": 72}
{"timestamp": "2024-11-08T14:14:32.817470", "type": "looking_away", "count": 73}
{"timestamp": "2024-11-08T14:14:32.839485", "type": "looking_away", "count": 74}
{"timestamp": "2024-11-08T14:14:32.861009", "type": "looking_away", "count": 75}
{"timestamp": "2024-11-08T14:14:32.915018", "type": "looking_away", "count": 76}
{"timestamp": "2024-11-08T14:14:32.936554", "type": "looking_away", "count": 77}
{"timestamp": "2024-11-08T14:14:33.011358", "type": "looking_away", "count": 78}
{"timestamp": "2024-11-08T14:14:33.030881", "type": "looking_away", "count": 79}
{"timestamp": "2024-11-08T14:14:33.051399", "type": "looking_away", "count": 80}
{"timestamp": "2024-11-08T14:14:33.122924", "type": "looking_away", "count": 81}
{"timestamp": "2024-11-08T14:14:33.145452", "type": "looking_away", "count": 82}
{"timestamp": "2024-11-08T14:14:33.166452", "type": "looking_away", "count": 83}
{"timestamp": "2024-11-08T14:14:33.189451", "type": "looking_away", "count": 84}
{"timestamp": "2024-11-08T14:14:33.219978", "type": "looking_away", "count": 85}
{"timestamp": "2024-11-08T14:14:33.241993", "type": "looking_away", "count": 86}
{"timestamp": "2024-11-08T14:14:33.265499", "type": "looking_away", "count": 87}
{"timestamp": "2024-11-08T14:14:33.314508", "type": "looking_away", "count": 88}
{"timestamp": "2024-11-08T14:14:33.337030", "type": "looking_away", "count": 89}
{"timestamp": "2024-11-08T14:14:33.409552", "type": "looking_away", "count": 90}
{"timestamp": "2024-11-08T14:14:33.431072", "type": "looking_away", "count": 91}
{"timestamp": "2024-11-08T14:14:33.454598", "type": "looking_away", "count": 92}
{"timestamp": "2024-11-08T14:14:33.525142", "type": "looking_away", "count": 93}
{"timestamp": "2024-11-08T14:14:33.547147", "type": "looking_away", "count": 94}
{"timestamp": "2024-11-08T14:14:33.570665", "type": "looking_away", "count": 95}
{"timestamp": "2024-11-08T14:14:33.592664", "type": "looking_away", "count": 96}
{"timestamp": "2024-11-08T14:14:33.618183", "type": "looking_away", "count": 97}
{"timestamp": "2024-11-08T14:14:33.641199", "type": "looking_away", "count": 98}
{"timestamp": "2024-11-08T14:14:33.663716", "type": "looking_away", "count": 99}
{"timestamp": "2024-11-08T14:14:33.713723", "type": "looking_away", "count": 100}
{"timestamp": "2024-11-08T14:14:33.737253", "type": "looking_away", "count": 101}
{"timestamp": "2024-11-08T14:14:33.811784", "type": "looking_away", "count": 102}
{"timestamp": "2024-11-08T14:14:33.834306", "type": "looking_away", "count": 103}
{"timestamp": "2024-11-08T14:14:33.856825", "type": "looking_away", "count": 104}
{"timestamp": "2024-11-08T14:14:33.923345", "type": "looking_away", "count": 105}
{"timestamp": "2024-11-08T14:14:33.945357", "type": "looking_away", "count": 106}
{"timestamp": "2024-11-08T14:14:33.967874", "type": "looking_away", "count": 107}
{"timestamp": "2024-11-08T14:14:33.989874", "type": "looking_away", "count": 108}
{"timestamp": "2024-11-08T14:14:34.019402", "type": "looking_away", "count": 109}
{"timestamp": "2024-11-08T14:14:34.040402", "type": "looking_away", "count": 110}
{"timestamp": "2024-11-08T14:14:34.061926", "type": "looking_away", "count": 111}
{"timestamp": "2024-11-08T14:14:34.117943", "type": "looking_away", "count": 112}
{"timestamp": "2024-11-08T14:14:34.138454", "type": "looking_away", "count": 113}
{"timestamp": "2024-11-08T14:14:34.209991", "type": "looking_away", "count": 114}
{"timestamp": "2024-11-08T14:14:34.232513", "type": "looking_away", "count": 115}
{"timestamp": "2024-11-08T14:14:34.253529", "type": "looking_away", "count": 116}
{"timestamp": "2024-11-08T14:14:34.276036", "type": "looking_away", "count": 117}
{"timestamp": "2024-11-08T14:14:34.322557", "type": "looking_away", "count": 118}
{"timestamp": "2024-11-08T14:14:34.345559", "type": "looking_away", "count": 119}
{"timestamp": "2024-11-08T14:14:34.368100", "type": "looking_away", "count": 120}
{"timestamp": "2024-11-08T14:14:34.418106", "type": "looking_away", "count": 121}
{"timestamp": "2024-11-08T14:14:34.439617", "type": "looking_away", "count": 122}
{"timestamp": "2024-11-08T14:14:34.460634", "type": "looking_away", "count": 123}
{"timestamp": "2024-11-08T14:14:34.515156", "type": "looking_away", "count": 124}
{"timestamp": "2024-11-08T14:14:34.536669", "type": "looking_away", "count": 125}
{"timestamp": "2024-11-08T14:14:34.614201", "type": "looking_away", "count": 126}
{"timestamp": "2024-11-08T14:14:34.637718", "type": "looking_away", "count": 127}
{"timestamp": "2024-11-08T14:14:34.658722", "type": "looking_away", "count": 128}
{"timestamp": "2024-11-08T14:14:34.681248", "type": "looking_away", "count": 129}
{"timestamp": "2024-11-08T14:14:34.723787", "type": "looking_away", "count": 130}
{"timestamp": "2024-11-08T14:14:34.744778", "type": "looking_away", "count": 131}
{"timestamp": "2024-11-08T14:14:34.767786", "type": "looking_away", "count": 132}
{"timestamp": "2024-11-08T14:14:34.818311", "type": "looking_away", "count": 133}
{"timestamp": "2024-11-08T14:14:34.838823", "type": "looking_away", "count": 134}
{"timestamp": "2024-11-08T14:14:34.860831", "type": "looking_away", "count": 135}
{"timestamp": "2024-11-08T14:14:34.917366", "type": "looking_away", "count": 136}
{"timestamp": "2024-11-08T14:14:34.937873", "type": "looking_away", "count": 137}
{"timestamp": "2024-11-08T14:14:35.013411", "type": "looking_away", "count": 138}
{"timestamp": "2024-11-08T14:14:35.033933", "type": "looking_away", "count": 139}
{"timestamp": "2024-11-08T14:14:35.056931", "type": "looking_away", "count": 140}
{"timestamp": "2024-11-08T14:14:35.079488", "type": "looking_away", "count": 141}
{"timestamp": "2024-11-08T14:14:35.123012", "type": "looking_away", "count": 142}
{"timestamp": "2024-11-08T14:14:35.147012", "type": "looking_away", "count": 143}
{"timestamp": "2024-11-08T14:14:35.170020", "type": "looking_away", "count": 144}
{"timestamp": "2024-11-08T14:14:35.217542", "type": "looking_away", "count": 145}
{"timestamp": "2024-11-08T14:14:35.239080", "type": "looking_away", "count": 146}
{"timestamp": "2024-11-08T14:14:35.260526", "type": "looking_away", "count": 147}
{"timestamp": "2024-11-08T14:14:35.318557", "type": "looking_away", "count": 148}
{"timestamp": "2024-11-08T14:14:35.339566", "type": "looking_away", "count": 149}
{"timestamp": "2024-11-08T14:14:35.411100", "type": "looking_away", "count": 150}
{"timestamp": "2024-11-08T14:14:35.434619", "type": "looking_away", "count": 151}
{"timestamp": "2024-11-08T14:14:35.460754", "type": "looking_away", "count": 152}
{"timestamp": "2024-11-08T14:14:35.485272", "type": "looking_away", "count": 153}
{"timestamp": "2024-11-08T14:14:35.523801", "type": "looking_away", "count": 154}
{"timestamp": "2024-11-08T14:14:35.547802", "type": "looking_away", "count": 155}
{"timestamp": "2024-11-08T14:14:35.569810", "type": "looking_away", "count": 156}
{"timestamp": "2024-11-08T14:14:35.620854", "type": "looking_away", "count": 157}
{"timestamp": "2024-11-08T14:14:35.643853", "type": "looking_away", "count": 158}
{"timestamp": "2024-11-08T14:14:35.665863", "type": "looking_away", "count": 159}
{"timestamp": "2024-11-08T14:14:35.715382", "type": "looking_away", "count": 160}
{"timestamp": "2024-11-08T14:14:35.736900", "type": "looking_away", "count": 161}
{"timestamp": "2024-11-08T14:14:35.825954", "type": "looking_away", "count": 162}
{"timestamp": "2024-11-08T14:14:35.846959", "type": "looking_away", "count": 163}
{"timestamp": "2024-11-08T14:14:35.867970", "type": "looking_away", "count": 164}
{"timestamp": "2024-11-08T14:14:35.890479", "type": "looking_away", "count": 165}
{"timestamp": "2024-11-08T14:14:35.926005", "type": "looking_away", "count": 166}
{"timestamp": "2024-11-08T14:14:36.177604", "type": "looking_away", "count": 167}
{"timestamp": "2024-11-08T14:14:36.198601", "type": "looking_away", "count": 168}
{"timestamp": "2024-11-08T14:14:36.222127", "type": "looking_away", "count": 169}
{"timestamp": "2024-11-08T14:14:36.245127", "type": "looking_away", "count": 170}
{"timestamp": "2024-11-08T14:14:36.267139", "type": "looking_away", "count": 171}
{"timestamp": "2024-11-08T14:14:36.323183", "type": "looking_away", "count": 172}
{"timestamp": "2024-11-08T14:14:36.344184", "type": "looking_away", "count": 173}
{"timestamp": "2024-11-08T14:14:36.367193", "type": "looking_away", "count": 174}
{"timestamp": "2024-11-08T14:14:36.418722", "type": "looking_away", "count": 175}
{"timestamp": "2024-11-08T14:14:36.439236", "type": "looking_away", "count": 176}
{"timestamp": "2024-11-08T14:14:36.462768", "type": "looking_away", "count": 177}
{"timestamp": "2024-11-08T14:14:36.727449", "type": "looking_away", "count": 178}
{"timestamp": "2024-11-08T14:14:36.747449", "type": "looking_away", "count": 179}
{"timestamp": "2024-11-08T14:14:36.843513", "type": "looking_away", "count": 180}
{"timestamp": "2024-11-08T14:14:42.531685", "type": "looking_away", "count": 181}
{"timestamp": "2024-11-08T14:14:42.551688", "type": "looking_away", "count": 182}
{"timestamp": "2024-11-08T14:14:42.571686", "type": "looking_away", "count": 183}
{"timestamp": "2024-11-08T14:14:42.625745", "type": "looking_away", "count": 184}
{"timestamp": "2024-11-08T14:14:42.648745", "type": "looking_away", "count": 185}
{"timestamp": "2024-11-08T14:14:42.669751", "type": "looking_away", "count": 186}
{"timestamp": "2024-11-08T14:14:42.722275", "type": "looking_away", "count": 187}
{"timestamp": "2024-11-08T14:14:42.743797", "type": "looking_away", "count": 188}
{"timestamp": "2024-11-08T14:14:42.763796", "type": "looking_away", "count": 189}
{"timestamp": "2024-11-08T14:14:42.833859", "type": "looking_away", "count": 190}
{"timestamp": "2024-11-08T14:14:42.855860", "type": "looking_away", "count": 191}
{"timestamp": "2024-11-08T14:14:42.876866", "type": "looking_away", "count": 192}
{"timestamp": "2024-11-08T14:14:42.931940", "type": "looking_away", "count": 193}
{"timestamp": "2024-11-08T14:14:42.952941", "type": "looking_away", "count": 194}
{"timestamp": "2024-11-08T14:14:42.973944", "type": "looking_away", "count": 195}
{"timestamp": "2024-11-08T14:14:43.024992", "type": "looking_away", "count": 196}
{"timestamp": "2024-11-08T14:14:43.045989", "type": "looking_away", "count": 197}
{"timestamp": "2024-11-08T14:14:43.068991", "type": "looking_away", "count": 198}
{"timestamp": "2024-11-08T14:14:43.125062", "type": "looking_away", "count": 199}
{"timestamp": "2024-11-08T14:14:43.148061", "type": "looking_away", "count": 200}
{"timestamp": "2024-11-08T14:14:43.171060", "type": "looking_away", "count": 201}
{"timestamp": "2024-11-08T14:14:43.235121", "type": "looking_away", "count": 202}
{"timestamp": "2024-11-08T14:14:43.257123", "type": "looking_away", "count": 203}
{"timestamp": "2024-11-08T14:14:43.280123", "type": "looking_away", "count": 204}
{"timestamp": "2024-11-08T14:14:43.331191", "type": "looking_away", "count": 205}
{"timestamp": "2024-11-08T14:14:43.352191", "type": "looking_away", "count": 206}
{"timestamp": "2024-11-08T14:14:43.374193", "type": "looking_away", "count": 207}
{"timestamp": "2024-11-08T14:14:43.427769", "type": "looking_away", "count": 208}
{"timestamp": "2024-11-08T14:14:43.450287", "type": "looking_away", "count": 209}
{"timestamp": "2024-11-08T14:14:43.472286", "type": "looking_away", "count": 210}
{"timestamp": "2024-11-08T14:14:43.525348", "type": "looking_away", "count": 211}
{"timestamp": "2024-11-08T14:14:43.548348", "type": "looking_away", "count": 212}
{"timestamp": "2024-11-08T14:14:43.572350", "type": "looking_away", "count": 213}
{"timestamp": "2024-11-08T14:14:43.635403", "type": "looking_away", "count": 214}
{"timestamp": "2024-11-08T14:14:43.657402", "type": "looking_away", "count": 215}
{"timestamp": "2024-11-08T14:14:43.679403", "type": "looking_away", "count": 216}
{"timestamp": "2024-11-08T14:14:43.733461", "type": "looking_away", "count": 217}
{"timestamp": "2024-11-08T14:14:43.757473", "type": "looking_away", "count": 218}
{"timestamp": "2024-11-08T14:14:43.779462", "type": "looking_away", "count": 219}
{"timestamp": "2024-11-08T14:14:43.828530", "type": "looking_away", "count": 220}
{"timestamp": "2024-11-08T14:14:43.854535", "type": "looking_away", "count": 221}
{"timestamp": "2024-11-08T14:14:43.876530", "type": "looking_away", "count": 222}
{"timestamp": "2024-11-08T14:14:43.925065", "type": "looking_away", "count": 223}
{"timestamp": "2024-11-08T14:14:43.946587", "type": "looking_away", "count": 224}
{"timestamp": "2024-11-08T14:14:43.971587", "type": "looking_away", "count": 225}
{"timestamp": "2024-11-08T14:14:44.034650", "type": "looking_away", "count": 226}
{"timestamp": "2024-11-08T14:14:44.056649", "type": "looking_away", "count": 227}
{"timestamp": "2024-11-08T14:14:44.078648", "type": "looking_away", "count": 228}
{"timestamp": "2024-11-08T14:14:44.129700", "type": "looking_away", "count": 229}
{"timestamp": "2024-11-08T14:14:44.151702", "type": "looking_away", "count": 230}
{"timestamp": "2024-11-08T14:14:44.173704", "type": "looking_away", "count": 231}
{"timestamp": "2024-11-08T14:14:44.228742", "type": "looking_away", "count": 232}
{"timestamp": "2024-11-08T14:14:44.249741", "type": "looking_away", "count": 233}
{"timestamp": "2024-11-08T14:14:44.271742", "type": "looking_away", "count": 234}
{"timestamp": "2024-11-08T14:14:44.324275", "type": "looking_away", "count": 235}
{"timestamp": "2024-11-08T14:14:44.346795", "type": "looking_away", "count": 236}
{"timestamp": "2024-11-08T14:14:44.366796", "type": "looking_away", "count": 237}
{"timestamp": "2024-11-08T14:14:44.434828", "type": "looking_away", "count": 238}
{"timestamp": "2024-11-08T14:14:44.454828", "type": "looking_away", "count": 239}
{"timestamp": "2024-11-08T14:14:44.475829", "type": "looking_away", "count": 240}
{"timestamp": "2024-11-08T14:14:44.529873", "type": "looking_away", "count": 241}
{"timestamp": "2024-11-08T14:14:44.554872", "type": "looking_away", "count": 242}
{"timestamp": "2024-11-08T14:14:44.575873", "type": "looking_away", "count": 243}
{"timestamp": "2024-11-08T14:14:44.625899", "type": "looking_away", "count": 244}
{"timestamp": "2024-11-08T14:14:44.647905", "type": "looking_away", "count": 245}
{"timestamp": "2024-11-08T14:14:44.667907", "type": "looking_away", "count": 246}
{"timestamp": "2024-11-08T14:14:44.738943", "type": "looking_away", "count": 247}
{"timestamp": "2024-11-08T14:14:44.759942", "type": "looking_away", "count": 248}
{"timestamp": "2024-11-08T14:14:44.781942", "type": "looking_away", "count": 249}
{"timestamp": "2024-11-08T14:14:44.832986", "type": "looking_away", "count": 250}
{"timestamp": "2024-11-08T14:14:44.855987", "type": "looking_away", "count": 251}
{"timestamp": "2024-11-08T14:14:45.117322", "type": "looking_away", "count": 252}
{"timestamp": "2024-11-08T14:14:45.138849", "type": "looking_away", "count": 253}
{"timestamp": "2024-11-08T14:14:45.159848", "type": "looking_away", "count": 254}
{"timestamp": "2024-11-08T14:14:45.180849", "type": "looking_away", "count": 255}
{"timestamp": "2024-11-08T14:14:45.236121", "type": "looking_away", "count": 256}
{"timestamp": "2024-11-08T14:14:45.256122", "type": "looking_away", "count": 257}
{"timestamp": "2024-11-08T14:14:45.277121", "type": "looking_away", "count": 258}
{"timestamp": "2024-11-08T14:14:45.332163", "type": "looking_away", "count": 259}
{"timestamp": "2024-11-08T14:14:45.354161", "type": "looking_away", "count": 260}
{"timestamp": "2024-11-08T14:14:45.375163", "type": "looking_away", "count": 261}
{"timestamp": "2024-11-08T14:14:45.429219", "type": "looking_away", "count": 262}
{"timestamp": "2024-11-08T14:14:45.449218", "type": "looking_away", "count": 263}
{"timestamp": "2024-11-08T14:14:45.470212", "type": "looking_away", "count": 264}
{"timestamp": "2024-11-08T14:14:45.540256", "type": "looking_away", "count": 265}
{"timestamp": "2024-11-08T14:14:45.564254", "type": "looking_away", "count": 266}
{"timestamp": "2024-11-08T14:14:45.586254", "type": "looking_away", "count": 267}
{"timestamp": "2024-11-08T14:14:45.638231", "type": "looking_away", "count": 268}
{"timestamp": "2024-11-08T14:14:45.662233", "type": "looking_away", "count": 269}
{"timestamp": "2024-11-08T14:14:45.684231", "type": "looking_away", "count": 270}
{"timestamp": "2024-11-08T14:14:45.730283", "type": "looking_away", "count": 271}
{"timestamp": "2024-11-08T14:14:45.752284", "type": "looking_away", "count": 272}
{"timestamp": "2024-11-08T14:14:45.774284", "type": "looking_away", "count": 273}
{"timestamp": "2024-11-08T14:14:45.827326", "type": "looking_away", "count": 274}
{"timestamp": "2024-11-08T14:14:45.850326", "type": "looking_away", "count": 275}
{"timestamp": "2024-11-08T14:14:45.873330", "type": "looking_away", "count": 276}
{"timestamp": "2024-11-08T14:14:45.939774", "type": "looking_away", "count": 277}
{"timestamp": "2024-11-08T14:14:45.960774", "type": "looking_away", "count": 278}
{"timestamp": "2024-11-08T14:14:45.982775", "type": "looking_away", "count": 279}
{"timestamp": "2024-11-08T14:14:46.033817", "type": "looking_away", "count": 280}
{"timestamp": "2024-11-08T14:14:46.053820", "type": "looking_away", "count": 281}
{"timestamp": "2024-11-08T14:14:46.075818", "type": "looking_away", "count": 282}
{"timestamp": "2024-11-08T14:14:46.131340", "type": "looking_away", "count": 283}
{"timestamp": "2024-11-08T14:14:46.150850", "type": "looking_away", "count": 284}
{"timestamp": "2024-11-08T14:14:46.171852", "type": "looking_away", "count": 285}
{"timestamp": "2024-11-08T14:14:46.244900", "type": "looking_away", "count": 286}
{"timestamp": "2024-11-08T14:14:46.314906", "type": "looking_away", "count": 287}
{"timestamp": "2024-11-08T14:14:46.342421", "type": "looking_away", "count": 288}
{"timestamp": "2024-11-08T14:14:46.376948", "type": "looking_away", "count": 289}
{"timestamp": "2024-11-08T14:14:46.400951", "type": "looking_away", "count": 290}
{"timestamp": "2024-11-08T14:14:46.438479", "type": "looking_away", "count": 291}
{"timestamp": "2024-11-08T14:14:46.466478", "type": "looking_away", "count": 292}
{"timestamp": "2024-11-08T14:14:46.492002", "type": "looking_away", "count": 293}
{"timestamp": "2024-11-08T14:14:46.517011", "type": "looking_away", "count": 294}
{"timestamp": "2024-11-08T14:14:46.542532", "type": "looking_away", "count": 295}
{"timestamp": "2024-11-08T14:14:46.566527", "type": "looking_away", "count": 296}
{"timestamp": "2024-11-08T14:14:46.605048", "type": "looking_away", "count": 297}
{"timestamp": "2024-11-08T14:14:46.637582", "type": "looking_away", "count": 298}
{"timestamp": "2024-11-08T14:14:46.660591", "type": "looking_away", "count": 299}
{"timestamp": "2024-11-08T14:14:46.693587", "type": "looking_away", "count": 300}
{"timestamp": "2024-11-08T14:14:46.748629", "type": "looking_away", "count": 301}
{"timestamp": "2024-11-08T14:14:46.771632", "type": "looking_away", "count": 302}
{"timestamp": "2024-11-08T14:14:46.795630", "type": "looking_away", "count": 303}
{"timestamp": "2024-11-08T14:14:46.840669", "type": "looking_away", "count": 304}
{"timestamp": "2024-11-08T14:14:46.863668", "type": "looking_away", "count": 305}
{"timestamp": "2024-11-08T14:14:46.884667", "type": "looking_away", "count": 306}
{"timestamp": "2024-11-08T14:14:46.941714", "type": "looking_away", "count": 307}
{"timestamp": "2024-11-08T14:14:46.962713", "type": "looking_away", "count": 308}
{"timestamp": "2024-11-08T14:14:46.987715", "type": "looking_away", "count": 309}
{"timestamp": "2024-11-08T14:14:47.033754", "type": "looking_away", "count": 310}
{"timestamp": "2024-11-08T14:14:47.060754", "type": "looking_away", "count": 311}
{"timestamp": "2024-11-08T14:14:47.087755", "type": "looking_away", "count": 312}
{"timestamp": "2024-11-08T14:14:47.145820", "type": "looking_away", "count": 313}
{"timestamp": "2024-11-08T14:14:47.170821", "type": "looking_away", "count": 314}
{"timestamp": "2024-11-08T14:14:47.193820", "type": "looking_away", "count": 315}
{"timestamp": "2024-11-08T14:14:47.234353", "type": "looking_away", "count": 316}
{"timestamp": "2024-11-08T14:14:47.257876", "type": "looking_away", "count": 317}
{"timestamp": "2024-11-08T14:14:47.282868", "type": "looking_away", "count": 318}
{"timestamp": "2024-11-08T14:14:47.334399", "type": "looking_away", "count": 319}
{"timestamp": "2024-11-08T14:14:47.357404", "type": "looking_away", "count": 320}
{"timestamp": "2024-11-08T14:14:47.380925", "type": "looking_away", "count": 321}
{"timestamp": "2024-11-08T14:14:47.428462", "type": "looking_away", "count": 322}
{"timestamp": "2024-11-08T14:14:47.451471", "type": "looking_away", "count": 323}
{"timestamp": "2024-11-08T14:14:47.476987", "type": "looking_away", "count": 324}
{"timestamp": "2024-11-08T14:14:47.542512", "type": "looking_away", "count": 325}
{"timestamp": "2024-11-08T14:14:47.567035", "type": "looking_away", "count": 326}
{"timestamp": "2024-11-08T14:14:47.594036", "type": "looking_away", "count": 327}
{"timestamp": "2024-11-08T14:14:47.633994", "type": "looking_away", "count": 328}
{"timestamp": "2024-11-08T14:14:47.658003", "type": "looking_away", "count": 329}
{"timestamp": "2024-11-08T14:14:47.683521", "type": "looking_away", "count": 330}
{"timestamp": "2024-11-08T14:14:47.741107", "type": "looking_away", "count": 331}
{"timestamp": "2024-11-08T14:14:47.764116", "type": "looking_away", "count": 332}
{"timestamp": "2024-11-08T14:14:47.790633", "type": "looking_away", "count": 333}
{"timestamp": "2024-11-08T14:14:47.847151", "type": "looking_away", "count": 334}
{"timestamp": "2024-11-08T14:14:47.873157", "type": "looking_away", "count": 335}
{"timestamp": "2024-11-08T14:14:47.899682", "type": "looking_away", "count": 336}
{"timestamp": "2024-11-08T14:14:47.946208", "type": "looking_away", "count": 337}
{"timestamp": "2024-11-08T14:14:47.970215", "type": "looking_away", "count": 338}
{"timestamp": "2024-11-08T14:14:47.996725", "type": "looking_away", "count": 339}
{"timestamp": "2024-11-08T14:14:48.043257", "type": "looking_away", "count": 340}
{"timestamp": "2024-11-08T14:14:48.066268", "type": "looking_away", "count": 341}
{"timestamp": "2024-11-08T14:14:48.097783", "type": "looking_away", "count": 342}
{"timestamp": "2024-11-08T14:14:48.132306", "type": "looking_away", "count": 343}
{"timestamp": "2024-11-08T14:14:48.156307", "type": "looking_away", "count": 344}
{"timestamp": "2024-11-08T14:14:48.179326", "type": "looking_away", "count": 345}
{"timestamp": "2024-11-08T14:14:48.248357", "type": "looking_away", "count": 346}
{"timestamp": "2024-11-08T14:14:48.270364", "type": "looking_away", "count": 347}
{"timestamp": "2024-11-08T14:14:48.299883", "type": "looking_away", "count": 348}
{"timestamp": "2024-11-08T14:14:48.340406", "type": "looking_away", "count": 349}
{"timestamp": "2024-11-08T14:14:48.362412", "type": "looking_away", "count": 350}
{"timestamp": "2024-11-08T14:14:48.388937", "type": "looking_away", "count": 351}
{"timestamp": "2024-11-08T14:14:48.441491", "type": "looking_away", "count": 352}
{"timestamp": "2024-11-08T14:14:48.463491", "type": "looking_away", "count": 353}
{"timestamp": "2024-11-08T14:14:48.493020", "type": "looking_away", "count": 354}
{"timestamp": "2024-11-08T14:14:48.536557", "type": "looking_away", "count": 355}
{"timestamp": "2024-11-08T14:14:48.557552", "type": "looking_away", "count": 356}
{"timestamp": "2024-11-08T14:14:48.577553", "type": "looking_away", "count": 357}
{"timestamp": "2024-11-08T14:14:48.647595", "type": "looking_away", "count": 358}
{"timestamp": "2024-11-08T14:14:48.669595", "type": "looking_away", "count": 359}
{"timestamp": "2024-11-08T14:14:48.696132", "type": "looking_away", "count": 360}
{"timestamp": "2024-11-08T14:14:48.743663", "type": "looking_away", "count": 361}
{"timestamp": "2024-11-08T14:14:48.766661", "type": "looking_away", "count": 362}
{"timestamp": "2024-11-08T14:14:48.795671", "type": "looking_away", "count": 363}
{"timestamp": "2024-11-08T14:14:48.838725", "type": "looking_away", "count": 364}
{"timestamp": "2024-11-08T14:14:48.860725", "type": "looking_away", "count": 365}
{"timestamp": "2024-11-08T14:14:48.884725", "type": "looking_away", "count": 366}
{"timestamp": "2024-11-08T14:14:48.937779", "type": "looking_away", "count": 367}
{"timestamp": "2024-11-08T14:14:49.224461", "type": "looking_away", "count": 368}
{"timestamp": "2024-11-08T14:14:49.252964", "type": "looking_away", "count": 369}
{"timestamp": "2024-11-08T14:14:49.333012", "type": "looking_away", "count": 370}
{"timestamp": "2024-11-08T14:14:49.355014", "type": "looking_away", "count": 371}
{"timestamp": "2024-11-08T14:14:49.378013", "type": "looking_away", "count": 372}
{"timestamp": "2024-11-08T14:14:49.444553", "type": "looking_away", "count": 373}
{"timestamp": "2024-11-08T14:14:49.468555", "type": "looking_away", "count": 374}
{"timestamp": "2024-11-08T14:14:49.492552", "type": "looking_away", "count": 375}
{"timestamp": "2024-11-08T14:14:49.541080", "type": "looking_away", "count": 376}
{"timestamp": "2024-11-08T14:14:49.565075", "type": "looking_away", "count": 377}
{"timestamp": "2024-11-08T14:14:49.591074", "type": "looking_away", "count": 378}
{"timestamp": "2024-11-08T14:14:49.641122", "type": "looking_away", "count": 379}
{"timestamp": "2024-11-08T14:14:49.665121", "type": "looking_away", "count": 380}
{"timestamp": "2024-11-08T14:14:49.689121", "type": "looking_away", "count": 381}
{"timestamp": "2024-11-08T14:14:49.742161", "type": "looking_away", "count": 382}
{"timestamp": "2024-11-08T14:14:49.765170", "type": "looking_away", "count": 383}
{"timestamp": "2024-11-08T14:14:49.787171", "type": "looking_away", "count": 384}
{"timestamp": "2024-11-08T14:14:49.843709", "type": "looking_away", "count": 385}
{"timestamp": "2024-11-08T14:14:49.873223", "type": "looking_away", "count": 386}
{"timestamp": "2024-11-08T14:14:49.902224", "type": "looking_away", "count": 387}
{"timestamp": "2024-11-08T14:14:49.941762", "type": "looking_away", "count": 388}
{"timestamp": "2024-11-08T14:14:49.964275", "type": "looking_away", "count": 389}
{"timestamp": "2024-11-08T14:14:49.987278", "type": "looking_away", "count": 390}
{"timestamp": "2024-11-08T14:14:50.040801", "type": "looking_away", "count": 391}
{"timestamp": "2024-11-08T14:14:50.062334", "type": "looking_away", "count": 392}
{"timestamp": "2024-11-08T14:14:50.086335", "type": "looking_away", "count": 393}
{"timestamp": "2024-11-08T14:14:50.132856", "type": "looking_away", "count": 394}
{"timestamp": "2024-11-08T14:14:50.154867", "type": "looking_away", "count": 395}
{"timestamp": "2024-11-08T14:14:50.179380", "type": "looking_away", "count": 396}
{"timestamp": "2024-11-08T14:14:50.249903", "type": "looking_away", "count": 397}
{"timestamp": "2024-11-08T14:14:50.270416", "type": "looking_away", "count": 398}
{"timestamp": "2024-11-08T14:14:50.297426", "type": "looking_away", "count": 399}
{"timestamp": "2024-11-08T14:14:50.340954", "type": "looking_away", "count": 400}
{"timestamp": "2024-11-08T14:14:50.361962", "type": "looking_away", "count": 401}
{"timestamp": "2024-11-08T14:14:50.385481", "type": "looking_away", "count": 402}
{"timestamp": "2024-11-08T14:14:50.441006", "type": "looking_away", "count": 403}
{"timestamp": "2024-11-08T14:14:50.463006", "type": "looking_away", "count": 404}
{"timestamp": "2024-11-08T14:14:50.485018", "type": "looking_away", "count": 405}
{"timestamp": "2024-11-08T14:14:50.543062", "type": "looking_away", "count": 406}
{"timestamp": "2024-11-08T14:14:50.567063", "type": "looking_away", "count": 407}
{"timestamp": "2024-11-08T14:14:50.587075", "type": "looking_away", "count": 408}
{"timestamp": "2024-11-08T14:14:50.647122", "type": "looking_away", "count": 409}
{"timestamp": "2024-11-08T14:14:50.669123", "type": "looking_away", "count": 410}
{"timestamp": "2024-11-08T14:14:50.692661", "type": "looking_away", "count": 411}
{"timestamp": "2024-11-08T14:14:50.743196", "type": "looking_away", "count": 412}
{"timestamp": "2024-11-08T14:14:50.768196", "type": "looking_away", "count": 413}
{"timestamp": "2024-11-08T14:14:50.792218", "type": "looking_away", "count": 414}
{"timestamp": "2024-11-08T14:14:50.845260", "type": "looking_away", "count": 415}
{"timestamp": "2024-11-08T14:14:50.870259", "type": "looking_away", "count": 416}
{"timestamp": "2024-11-08T14:14:50.895796", "type": "looking_away", "count": 417}
{"timestamp": "2024-11-08T14:14:50.950337", "type": "looking_away", "count": 418}
{"timestamp": "2024-11-08T14:14:50.973330", "type": "looking_away", "count": 419}
{"timestamp": "2024-11-08T14:14:50.999855", "type": "looking_away", "count": 420}
{"timestamp": "2024-11-08T14:14:51.054375", "type": "looking_away", "count": 421}
{"timestamp": "2024-11-08T14:14:51.076374", "type": "looking_away", "count": 422}
{"timestamp": "2024-11-08T14:14:51.103908", "type": "looking_away", "count": 423}
{"timestamp": "2024-11-08T14:14:51.144443", "type": "looking_away", "count": 424}
{"timestamp": "2024-11-08T14:14:51.166446", "type": "looking_away", "count": 425}
{"timestamp": "2024-11-08T14:14:51.190449", "type": "looking_away", "count": 426}
{"timestamp": "2024-11-08T14:14:51.239493", "type": "looking_away", "count": 427}
{"timestamp": "2024-11-08T14:14:51.263494", "type": "looking_away", "count": 428}
{"timestamp": "2024-11-08T14:14:51.289493", "type": "looking_away", "count": 429}
{"timestamp": "2024-11-08T14:14:51.356535", "type": "looking_away", "count": 430}
{"timestamp": "2024-11-08T14:14:51.379534", "type": "looking_away", "count": 431}
{"timestamp": "2024-11-08T14:14:51.402554", "type": "looking_away", "count": 432}
{"timestamp": "2024-11-08T14:14:51.449594", "type": "looking_away", "count": 433}
{"timestamp": "2024-11-08T14:14:51.470593", "type": "looking_away", "count": 434}
{"timestamp": "2024-11-08T14:14:51.495600", "type": "looking_away", "count": 435}
{"timestamp": "2024-11-08T14:14:51.546649", "type": "looking_away", "count": 436}
{"timestamp": "2024-11-08T14:14:51.571647", "type": "looking_away", "count": 437}
{"timestamp": "2024-11-08T14:14:51.598654", "type": "looking_away", "count": 438}
{"timestamp": "2024-11-08T14:14:51.650694", "type": "looking_away", "count": 439}
{"timestamp": "2024-11-08T14:14:51.673703", "type": "looking_away", "count": 440}
{"timestamp": "2024-11-08T14:14:51.700708", "type": "looking_away", "count": 441}
{"timestamp": "2024-11-08T14:14:51.759741", "type": "looking_away", "count": 442}
{"timestamp": "2024-11-08T14:14:51.784741", "type": "looking_away", "count": 443}
{"timestamp": "2024-11-08T14:14:51.807750", "type": "looking_away", "count": 444}
{"timestamp": "2024-11-08T14:14:51.852787", "type": "looking_away", "count": 445}
{"timestamp": "2024-11-08T14:14:51.891787", "type": "looking_away", "count": 446}
{"timestamp": "2024-11-08T14:14:51.916800", "type": "looking_away", "count": 447}
{"timestamp": "2024-11-08T14:14:52.234443", "type": "multiple_faces", "count": 1}
{"timestamp": "2024-11-08T14:14:52.245437", "type": "multiple_faces", "count": 2}
{"timestamp": "2024-11-08T14:14:52.256922", "type": "multiple_faces", "count": 3}
{"timestamp": "2024-11-08T14:14:52.334047", "type": "multiple_faces", "count": 4}
{"timestamp": "2024-11-08T14:14:52.345054", "type": "multiple_faces", "count": 5}
{"timestamp": "2024-11-08T14:14:52.356574", "type": "multiple_faces", "count": 6}
{"timestamp": "2024-11-08T14:14:54.138286", "type": "no_face_detected", "count": 1}
{"timestamp": "2024-11-08T14:14:54.149296", "type": "no_face_detected", "count": 2}
{"timestamp": "2024-11-08T14:14:54.234335", "type": "no_face_detected", "count": 3}
{"timestamp": "2024-11-08T14:14:54.244342", "type": "no_face_detected", "count": 4}
{"timestamp": "2024-11-08T14:14:54.260876", "type": "no_face_detected", "count": 5}
{"timestamp": "2024-11-08T14:14:55.553066", "type": "looking_away", "count": 448}
{"timestamp": "2024-11-08T14:14:55.577071", "type": "looking_away", "count": 449}
{"timestamp": "2024-11-08T14:14:55.602060", "type": "looking_away", "count": 450}
{"timestamp": "2024-11-08T14:14:55.626591", "type": "looking_away", "count": 451}
{"timestamp": "2024-11-08T14:14:55.658113", "type": "looking_away", "count": 452}
{"timestamp": "2024-11-08T14:14:55.683119", "type": "looking_away", "count": 453}
{"timestamp": "2024-11-08T14:14:55.721119", "type": "looking_away", "count": 454}
{"timestamp": "2024-11-08T14:14:55.756163", "type": "looking_away", "count": 455}
{"timestamp": "2024-11-08T14:14:55.785166", "type": "looking_away", "count": 456}
{"timestamp": "2024-11-08T14:14:55.857203", "type": "looking_away", "count": 457}
{"timestamp": "2024-11-08T14:14:55.884219", "type": "looking_away", "count": 458}
{"timestamp": "2024-11-08T14:14:55.913207", "type": "looking_away", "count": 459}
{"timestamp": "2024-11-08T14:14:55.941745", "type": "looking_away", "count": 460}
{"timestamp": "2024-11-08T14:14:55.966261", "type": "looking_away", "count": 461}
{"timestamp": "2024-11-08T14:14:55.991262", "type": "looking_away", "count": 462}
{"timestamp": "2024-11-08T14:14:56.015261", "type": "looking_away", "count": 463}
{"timestamp": "2024-11-08T14:14:56.055312", "type": "looking_away", "count": 464}
{"timestamp": "2024-11-08T14:14:56.087312", "type": "looking_away", "count": 465}
{"timestamp": "2024-11-08T14:14:56.112315", "type": "looking_away", "count": 466}
{"timestamp": "2024-11-08T14:14:56.158376", "type": "looking_away", "count": 467}
{"timestamp": "2024-11-08T14:14:56.188377", "type": "looking_away", "count": 468}
{"timestamp": "2024-11-08T14:15:04.968496", "type": "looking_away", "count": 469}
{"timestamp": "2024-11-08T14:15:04.992495", "type": "looking_away", "count": 470}
{"timestamp": "2024-11-08T14:15:05.017506", "type": "looking_away", "count": 471}
{"timestamp": "2024-11-08T14:15:05.061530", "type": "looking_away", "count": 472}
{"timestamp": "2024-11-08T14:15:05.088863", "type": "looking_away", "count": 473}
{"timestamp": "2024-11-08T14:15:05.109863", "type": "looking_away", "count": 474}
{"timestamp": "2024-11-08T14:15:05.163900", "type": "looking_away", "count": 475}
{"timestamp": "2024-11-08T14:15:05.191904", "type": "looking_away", "count": 476}
{"timestamp": "2024-11-08T14:15:05.215902", "type": "looking_away", "count": 477}
{"timestamp": "2024-11-08T14:15:05.260993", "type": "looking_away", "count": 478}
{"timestamp": "2024-11-08T14:15:05.286991", "type": "looking_away", "count": 479}
{"timestamp": "2024-11-08T14:15:05.311989", "type": "looking_away", "count": 480}
{"timestamp": "2024-11-08T14:15:05.370037", "type": "looking_away", "count": 481}
{"timestamp": "2024-11-08T14:15:05.395038", "type": "looking_away", "count": 482}
{"timestamp": "2024-11-08T14:15:05.426047", "type": "looking_away", "count": 483}
{"timestamp": "2024-11-08T14:15:05.471087", "type": "looking_away", "count": 484}
{"timestamp": "2024-11-08T14:15:05.497081", "type": "looking_away", "count": 485}
{"timestamp": "2024-11-08T14:15:05.523094", "type": "looking_away", "count": 486}
{"timestamp": "2024-11-08T14:15:05.566132", "type": "looking_away", "count": 487}
{"timestamp": "2024-11-08T14:15:05.590128", "type": "looking_away", "count": 488}
{"timestamp": "2024-11-08T14:15:05.613128", "type": "looking_away", "count": 489}
{"timestamp": "2024-11-08T14:15:05.669172", "type": "looking_away", "count": 490}
{"timestamp": "2024-11-08T14:15:05.693176", "type": "looking_away", "count": 491}
{"timestamp": "2024-11-08T14:15:05.724193", "type": "looking_away", "count": 492}
{"timestamp": "2024-11-08T14:15:05.764709", "type": "looking_away", "count": 493}
{"timestamp": "2024-11-08T14:15:05.789232", "type": "looking_away", "count": 494}
{"timestamp": "2024-11-08T14:15:05.817236", "type": "looking_away", "count": 495}
{"timestamp": "2024-11-08T14:15:05.863763", "type": "looking_away", "count": 496}
{"timestamp": "2024-11-08T14:15:05.887290", "type": "looking_away", "count": 497}
{"timestamp": "2024-11-08T14:15:05.913289", "type": "looking_away", "count": 498}
{"timestamp": "2024-11-08T14:15:05.960826", "type": "looking_away", "count": 499}
{"timestamp": "2024-11-08T14:15:05.984360", "type": "looking_away", "count": 500}
{"timestamp": "2024-11-08T14:15:06.015361", "type": "looking_away", "count": 501}
{"timestamp": "2024-11-08T14:15:06.074910", "type": "looking_away", "count": 502}
{"timestamp": "2024-11-08T14:15:06.098425", "type": "looking_away", "count": 503}
{"timestamp": "2024-11-08T14:15:06.126434", "type": "looking_away", "count": 504}
{"timestamp": "2024-11-08T14:15:06.172960", "type": "looking_away", "count": 505}
{"timestamp": "2024-11-08T14:15:06.196484", "type": "looking_away", "count": 506}
{"timestamp": "2024-11-08T14:15:06.225498", "type": "looking_away", "count": 507}
{"timestamp": "2024-11-08T14:15:06.266011", "type": "looking_away", "count": 508}
{"timestamp": "2024-11-08T14:15:06.291021", "type": "looking_away", "count": 509}
{"timestamp": "2024-11-08T14:15:06.320538", "type": "looking_away", "count": 510}
{"timestamp": "2024-11-08T14:15:06.364063", "type": "looking_away", "count": 511}
{"timestamp": "2024-11-08T14:15:06.388063", "type": "looking_away", "count": 512}
{"timestamp": "2024-11-08T14:15:06.409615", "type": "looking_away", "count": 513}
{"timestamp": "2024-11-08T14:15:06.483150", "type": "looking_away", "count": 514}
{"timestamp": "2024-11-08T14:15:06.506159", "type": "looking_away", "count": 515}
{"timestamp": "2024-11-08T14:15:06.538210", "type": "looking_away", "count": 516}
{"timestamp": "2024-11-08T14:15:06.576211", "type": "looking_away", "count": 517}
{"timestamp": "2024-11-08T14:15:06.599211", "type": "looking_away", "count": 518}
{"timestamp": "2024-11-08T14:15:06.625767", "type": "looking_away", "count": 519}
{"timestamp": "2024-11-08T14:15:06.669274", "type": "looking_away", "count": 520}
{"timestamp": "2024-11-08T14:15:06.696273", "type": "looking_away", "count": 521}
{"timestamp": "2024-11-08T14:15:06.721282", "type": "looking_away", "count": 522}
{"timestamp": "2024-11-08T14:15:06.770313", "type": "looking_away", "count": 523}
{"timestamp": "2024-11-08T14:15:06.792314", "type": "looking_away", "count": 524}
{"timestamp": "2024-11-08T14:15:06.816323", "type": "looking_away", "count": 525}
{"timestamp": "2024-11-08T14:15:06.874370", "type": "looking_away", "count": 526}
{"timestamp": "2024-11-08T14:15:06.898370", "type": "looking_away", "count": 527}
{"timestamp": "2024-11-08T14:15:06.924385", "type": "looking_away", "count": 528}
{"timestamp": "2024-11-08T14:15:06.969426", "type": "looking_away", "count": 529}
{"timestamp": "2024-11-08T14:15:07.287461", "type": "looking_away", "count": 530}
{"timestamp": "2024-11-08T14:15:07.330463", "type": "looking_away", "count": 531}
{"timestamp": "2024-11-08T14:15:07.366992", "type": "looking_away", "count": 532}
{"timestamp": "2024-11-08T14:15:07.391515", "type": "looking_away", "count": 533}
{"timestamp": "2024-11-08T14:15:07.420515", "type": "looking_away", "count": 534}
{"timestamp": "2024-11-08T14:15:07.460043", "type": "looking_away", "count": 535}
{"timestamp": "2024-11-08T14:15:07.490052", "type": "looking_away", "count": 536}
{"timestamp": "2024-11-08T14:15:07.514565", "type": "looking_away", "count": 537}
{"timestamp": "2024-11-08T14:15:07.561094", "type": "looking_away", "count": 538}
{"timestamp": "2024-11-08T14:15:07.596607", "type": "looking_away", "count": 539}
{"timestamp": "2024-11-08T14:15:07.623622", "type": "looking_away", "count": 540}
{"timestamp": "2024-11-08T14:15:07.670136", "type": "looking_away", "count": 541}
{"timestamp": "2024-11-08T14:15:07.698149", "type": "looking_away", "count": 542}
{"timestamp": "2024-11-08T14:15:07.726681", "type": "looking_away", "count": 543}
{"timestamp": "2024-11-08T14:15:07.769203", "type": "looking_away", "count": 544}
{"timestamp": "2024-11-08T14:15:07.792210", "type": "looking_away", "count": 545}
{"timestamp": "2024-11-08T14:15:07.822746", "type": "looking_away", "count": 546}
{"timestamp": "2024-11-08T14:15:07.869266", "type": "looking_away", "count": 547}
{"timestamp": "2024-11-08T14:15:07.894273", "type": "looking_away", "count": 548}
{"timestamp": "2024-11-08T14:15:07.921788", "type": "looking_away", "count": 549}
{"timestamp": "2024-11-08T14:15:07.975325", "type": "looking_away", "count": 550}
{"timestamp": "2024-11-08T14:15:08.006333", "type": "looking_away", "count": 551}
{"timestamp": "2024-11-08T14:15:08.035856", "type": "looking_away", "count": 552}
{"timestamp": "2024-11-08T14:15:08.081374", "type": "looking_away", "count": 553}
{"timestamp": "2024-11-08T14:15:08.112375", "type": "looking_away", "count": 554}
{"timestamp": "2024-11-08T14:15:08.138421", "type": "looking_away", "count": 555}
{"timestamp": "2024-11-08T14:15:08.178421", "type": "looking_away", "count": 556}
{"timestamp": "2024-11-08T14:15:08.204422", "type": "looking_away", "count": 557}
{"timestamp": "2024-11-08T14:15:08.232432", "type": "looking_away", "count": 558}
{"timestamp": "2024-11-08T14:15:08.264467", "type": "looking_away", "count": 559}
{"timestamp": "2024-11-08T14:15:08.291466", "type": "looking_away", "count": 560}
{"timestamp": "2024-11-08T14:15:08.324486", "type": "looking_away", "count": 561}
{"timestamp": "2024-11-08T14:15:08.381509", "type": "looking_away", "count": 562}
{"timestamp": "2024-11-08T14:15:08.408509", "type": "looking_away", "count": 563}
{"timestamp": "2024-11-08T14:15:08.439038", "type": "looking_away", "count": 564}
{"timestamp": "2024-11-08T14:15:08.478550", "type": "looking_away", "count": 565}
{"timestamp": "2024-11-08T14:15:08.505550", "type": "looking_away", "count": 566}
{"timestamp": "2024-11-08T14:15:08.532564", "type": "looking_away", "count": 567}
{"timestamp": "2024-11-08T14:15:10.866595", "type": "looking_away", "count": 568}
{"timestamp": "2024-11-08T14:15:10.889116", "type": "looking_away", "count": 569}
{"timestamp": "2024-11-08T14:15:10.913116", "type": "looking_away", "count": 570}
{"timestamp": "2024-11-08T14:15:10.962647", "type": "looking_away", "count": 571}
{"timestamp": "2024-11-08T14:15:10.986168", "type": "looking_away", "count": 572}
{"timestamp": "2024-11-08T14:15:11.008164", "type": "looking_away", "count": 573}
{"timestamp": "2024-11-08T14:15:11.295050", "type": "looking_away", "count": 574}
{"timestamp": "2024-11-08T14:15:11.317050", "type": "looking_away", "count": 575}
{"timestamp": "2024-11-08T14:15:11.338059", "type": "looking_away", "count": 576}
{"timestamp": "2024-11-08T14:15:11.363585", "type": "looking_away", "count": 577}
{"timestamp": "2024-11-08T14:15:11.387584", "type": "looking_away", "count": 578}
{"timestamp": "2024-11-08T14:15:11.410107", "type": "looking_away", "count": 579}
{"timestamp": "2024-11-08T14:15:11.473647", "type": "looking_away", "count": 580}
{"timestamp": "2024-11-08T14:15:11.497172", "type": "looking_away", "count": 581}
{"timestamp": "2024-11-08T14:15:11.519172", "type": "looking_away", "count": 582}
{"timestamp": "2024-11-08T14:15:11.571700", "type": "looking_away", "count": 583}
{"timestamp": "2024-11-08T14:15:11.593709", "type": "looking_away", "count": 584}
{"timestamp": "2024-11-08T14:15:11.615241", "type": "looking_away", "count": 585}
{"timestamp": "2024-11-08T14:15:11.665763", "type": "looking_away", "count": 586}
{"timestamp": "2024-11-08T14:15:11.688782", "type": "looking_away", "count": 587}
{"timestamp": "2024-11-08T14:15:11.712307", "type": "looking_away", "count": 588}
{"timestamp": "2024-11-08T14:15:11.761835", "type": "looking_away", "count": 589}
{"timestamp": "2024-11-08T14:15:11.783835", "type": "looking_away", "count": 590}
{"timestamp": "2024-11-08T14:15:11.806360", "type": "looking_away", "count": 591}
{"timestamp": "2024-11-08T14:15:11.873887", "type": "looking_away", "count": 592}
{"timestamp": "2024-11-08T14:15:11.896902", "type": "looking_away", "count": 593}
{"timestamp": "2024-11-08T14:15:11.919417", "type": "looking_away", "count": 594}
{"timestamp": "2024-11-08T14:15:11.969938", "type": "looking_away", "count": 595}
{"timestamp": "2024-11-08T14:15:11.991934", "type": "looking_away", "count": 596}
{"timestamp": "2024-11-08T14:15:12.014463", "type": "looking_away", "count": 597}
{"timestamp": "2024-11-08T14:15:12.068987", "type": "looking_away", "count": 598}
{"timestamp": "2024-11-08T14:15:12.090988", "type": "looking_away", "count": 599}
{"timestamp": "2024-11-08T14:15:12.111002", "type": "looking_away", "count": 600}
{"timestamp": "2024-11-08T14:15:12.164045", "type": "looking_away", "count": 601}
{"timestamp": "2024-11-08T14:15:12.186043", "type": "looking_away", "count": 602}
{"timestamp": "2024-11-08T14:15:12.208053", "type": "looking_away", "count": 603}
{"timestamp": "2024-11-08T14:15:12.275102", "type": "looking_away", "count": 604}
{"timestamp": "2024-11-08T14:15:12.298105", "type": "looking_away", "count": 605}
{"timestamp": "2024-11-08T14:15:12.319635", "type": "looking_away", "count": 606}
{"timestamp": "2024-11-08T14:15:12.370162", "type": "looking_away", "count": 607}
{"timestamp": "2024-11-08T14:15:12.394163", "type": "looking_away", "count": 608}
{"timestamp": "2024-11-08T14:15:12.414171", "type": "looking_away", "count": 609}
{"timestamp": "2024-11-08T14:15:12.467210", "type": "looking_away", "count": 610}
{"timestamp": "2024-11-08T14:15:12.490209", "type": "looking_away", "count": 611}
{"timestamp": "2024-11-08T14:15:12.513219", "type": "looking_away", "count": 612}
{"timestamp": "2024-11-08T14:15:12.566266", "type": "looking_away", "count": 613}
{"timestamp": "2024-11-08T14:15:12.588263", "type": "looking_away", "count": 614}
{"timestamp": "2024-11-08T14:15:12.613378", "type": "looking_away", "count": 615}
{"timestamp": "2024-11-08T14:15:12.674862", "type": "looking_away", "count": 616}
{"timestamp": "2024-11-08T14:15:12.694858", "type": "looking_away", "count": 617}
{"timestamp": "2024-11-08T14:15:12.716870", "type": "looking_away", "count": 618}
{"timestamp": "2024-11-08T14:15:12.769909", "type": "looking_away", "count": 619}
{"timestamp": "2024-11-08T14:15:12.793910", "type": "looking_away", "count": 620}
{"timestamp": "2024-11-08T14:15:12.816927", "type": "looking_away", "count": 621}
{"timestamp": "2024-11-08T14:15:12.866983", "type": "looking_away", "count": 622}
{"timestamp": "2024-11-08T14:15:12.889981", "type": "looking_away", "count": 623}
{"timestamp": "2024-11-08T14:15:12.909988", "type": "looking_away", "count": 624}
{"timestamp": "2024-11-08T14:15:12.964024", "type": "looking_away", "count": 625}
{"timestamp": "2024-11-08T14:15:12.984024", "type": "looking_away", "count": 626}
{"timestamp": "2024-11-08T14:15:13.006022", "type": "looking_away", "count": 627}
{"timestamp": "2024-11-08T14:15:13.075083", "type": "looking_away", "count": 628}
{"timestamp": "2024-11-08T14:15:13.097086", "type": "looking_away", "count": 629}
{"timestamp": "2024-11-08T14:15:13.120092", "type": "looking_away", "count": 630}
{"timestamp": "2024-11-08T14:15:13.171116", "type": "looking_away", "count": 631}
{"timestamp": "2024-11-08T14:15:13.194123", "type": "looking_away", "count": 632}
{"timestamp": "2024-11-08T14:15:13.217126", "type": "looking_away", "count": 633}
{"timestamp": "2024-11-08T14:15:13.267153", "type": "looking_away", "count": 634}
{"timestamp": "2024-11-08T14:15:13.289158", "type": "looking_away", "count": 635}
{"timestamp": "2024-11-08T14:15:13.311161", "type": "looking_away", "count": 636}
{"timestamp": "2024-11-08T14:15:13.363204", "type": "looking_away", "count": 637}
{"timestamp": "2024-11-08T14:15:13.384204", "type": "looking_away", "count": 638}
{"timestamp": "2024-11-08T14:15:13.406206", "type": "looking_away", "count": 639}
{"timestamp": "2024-11-08T14:15:13.475279", "type": "looking_away", "count": 640}
{"timestamp": "2024-11-08T14:15:13.496266", "type": "looking_away", "count": 641}
{"timestamp": "2024-11-08T14:15:13.518276", "type": "looking_away", "count": 642}
{"timestamp": "2024-11-08T14:15:13.569308", "type": "looking_away", "count": 643}
{"timestamp": "2024-11-08T14:15:13.591303", "type": "looking_away", "count": 644}
{"timestamp": "2024-11-08T14:15:13.612303", "type": "looking_away", "count": 645}
{"timestamp": "2024-11-08T14:15:13.667665", "type": "looking_away", "count": 646}
{"timestamp": "2024-11-08T14:15:13.688664", "type": "looking_away", "count": 647}
{"timestamp": "2024-11-08T14:15:13.709665", "type": "looking_away", "count": 648}
{"timestamp": "2024-11-08T14:15:13.764705", "type": "looking_away", "count": 649}
{"timestamp": "2024-11-08T14:15:13.784701", "type": "looking_away", "count": 650}
{"timestamp": "2024-11-08T14:15:13.806700", "type": "looking_away", "count": 651}
{"timestamp": "2024-11-08T14:15:13.874747", "type": "looking_away", "count": 652}
{"timestamp": "2024-11-08T14:15:13.895751", "type": "looking_away", "count": 653}
{"timestamp": "2024-11-08T14:15:13.916758", "type": "looking_away", "count": 654}
{"timestamp": "2024-11-08T14:15:13.969788", "type": "looking_away", "count": 655}
{"timestamp": "2024-11-08T14:15:13.991790", "type": "looking_away", "count": 656}
{"timestamp": "2024-11-08T14:15:14.013792", "type": "looking_away", "count": 657}
{"timestamp": "2024-11-08T14:15:14.068849", "type": "looking_away", "count": 658}
{"timestamp": "2024-11-08T14:15:14.091840", "type": "looking_away", "count": 659}
{"timestamp": "2024-11-08T14:15:14.112840", "type": "looking_away", "count": 660}
{"timestamp": "2024-11-08T14:15:14.163879", "type": "looking_away", "count": 661}
{"timestamp": "2024-11-08T14:15:14.186879", "type": "looking_away", "count": 662}
{"timestamp": "2024-11-08T14:15:14.208878", "type": "looking_away", "count": 663}
{"timestamp": "2024-11-08T14:15:14.273919", "type": "looking_away", "count": 664}
{"timestamp": "2024-11-08T14:15:14.294921", "type": "looking_away", "count": 665}
{"timestamp": "2024-11-08T14:15:14.316926", "type": "looking_away", "count": 666}
{"timestamp": "2024-11-08T14:15:14.369969", "type": "looking_away", "count": 667}
{"timestamp": "2024-11-08T14:15:14.390971", "type": "looking_away", "count": 668}
{"timestamp": "2024-11-08T14:15:14.412972", "type": "looking_away", "count": 669}
{"timestamp": "2024-11-08T14:15:14.467009", "type": "looking_away", "count": 670}
{"timestamp": "2024-11-08T14:15:14.489009", "type": "looking_away", "count": 671}
{"timestamp": "2024-11-08T14:15:14.511014", "type": "looking_away", "count": 672}
{"timestamp": "2024-11-08T14:15:14.622334", "type": "looking_away", "count": 673}
{"timestamp": "2024-11-08T14:15:14.643365", "type": "looking_away", "count": 674}
{"timestamp": "2024-11-08T14:15:14.665358", "type": "looking_away", "count": 675}
{"timestamp": "2024-11-08T14:15:14.687359", "type": "looking_away", "count": 676}
{"timestamp": "2024-11-08T14:15:14.708359", "type": "looking_away", "count": 677}
{"timestamp": "2024-11-08T14:15:14.730369", "type": "looking_away", "count": 678}
{"timestamp": "2024-11-08T14:15:14.770409", "type": "looking_away", "count": 679}
{"timestamp": "2024-11-08T14:15:14.792408", "type": "looking_away", "count": 680}
{"timestamp": "2024-11-08T14:15:14.812413", "type": "looking_away", "count": 681}
{"timestamp": "2024-11-08T14:15:14.865447", "type": "looking_away", "count": 682}
{"timestamp": "2024-11-08T14:15:14.887447", "type": "looking_away", "count": 683}
{"timestamp": "2024-11-08T14:15:14.909449", "type": "looking_away", "count": 684}
{"timestamp": "2024-11-08T14:15:14.981493", "type": "looking_away", "count": 685}
{"timestamp": "2024-11-08T14:15:15.003492", "type": "looking_away", "count": 686}
{"timestamp": "2024-11-08T14:15:15.024501", "type": "looking_away", "count": 687}
{"timestamp": "2024-11-08T14:15:15.074535", "type": "looking_away", "count": 688}
{"timestamp": "2024-11-08T14:15:15.095536", "type": "looking_away", "count": 689}
{"timestamp": "2024-11-08T14:15:15.352381", "type": "looking_away", "count": 690}
{"timestamp": "2024-11-08T14:15:15.373379", "type": "looking_away", "count": 691}
{"timestamp": "2024-11-08T14:15:15.395381", "type": "looking_away", "count": 692}
{"timestamp": "2024-11-08T14:15:15.419379", "type": "looking_away", "count": 693}
{"timestamp": "2024-11-08T14:15:15.475699", "type": "looking_away", "count": 694}
{"timestamp": "2024-11-08T14:15:15.497698", "type": "looking_away", "count": 695}
{"timestamp": "2024-11-08T14:15:15.517697", "type": "looking_away", "count": 696}
{"timestamp": "2024-11-08T14:15:15.571738", "type": "looking_away", "count": 697}
{"timestamp": "2024-11-08T14:15:15.594739", "type": "looking_away", "count": 698}
{"timestamp": "2024-11-08T14:15:15.616738", "type": "looking_away", "count": 699}
{"timestamp": "2024-11-08T14:15:15.668776", "type": "looking_away", "count": 700}
{"timestamp": "2024-11-08T14:15:15.690776", "type": "looking_away", "count": 701}
{"timestamp": "2024-11-08T14:15:15.711777", "type": "looking_away", "count": 702}
{"timestamp": "2024-11-08T14:15:15.731782", "type": "looking_away", "count": 703}
{"timestamp": "2024-11-08T14:15:15.781822", "type": "looking_away", "count": 704}
{"timestamp": "2024-11-08T14:15:15.802822", "type": "looking_away", "count": 705}
{"timestamp": "2024-11-08T14:15:15.875050", "type": "looking_away", "count": 706}
{"timestamp": "2024-11-08T14:15:15.900057", "type": "looking_away", "count": 707}
{"timestamp": "2024-11-08T14:15:15.921048", "type": "looking_away", "count": 708}
{"timestamp": "2024-11-08T14:15:15.973098", "type": "looking_away", "count": 709}
{"timestamp": "2024-11-08T14:15:15.995098", "type": "looking_away", "count": 710}
{"timestamp": "2024-11-08T14:15:16.017098", "type": "looking_away", "count": 711}
{"timestamp": "2024-11-08T14:15:16.068137", "type": "looking_away", "count": 712}
{"timestamp": "2024-11-08T14:15:16.090136", "type": "looking_away", "count": 713}
{"timestamp": "2024-11-08T14:15:16.113138", "type": "looking_away", "count": 714}
{"timestamp": "2024-11-08T14:15:16.135150", "type": "looking_away", "count": 715}
{"timestamp": "2024-11-08T14:15:16.183201", "type": "looking_away", "count": 716}
{"timestamp": "2024-11-08T14:15:16.206200", "type": "looking_away", "count": 717}
{"timestamp": "2024-11-08T14:15:16.274404", "type": "looking_away", "count": 718}
{"timestamp": "2024-11-08T14:15:16.388454", "type": "looking_away", "count": 719}
{"timestamp": "2024-11-08T14:15:16.432459", "type": "looking_away", "count": 720}
{"timestamp": "2024-11-08T14:15:16.469006", "type": "looking_away", "count": 721}
{"timestamp": "2024-11-08T14:15:16.491521", "type": "looking_away", "count": 722}
{"timestamp": "2024-11-08T14:15:16.516520", "type": "looking_away", "count": 723}
{"timestamp": "2024-11-08T14:15:16.541541", "type": "looking_away", "count": 724}
{"timestamp": "2024-11-08T14:15:16.580589", "type": "looking_away", "count": 725}
{"timestamp": "2024-11-08T14:15:16.603588", "type": "looking_away", "count": 726}
{"timestamp": "2024-11-08T14:15:16.675633", "type": "looking_away", "count": 727}
{"timestamp": "2024-11-08T14:15:16.698630", "type": "looking_away", "count": 728}
{"timestamp": "2024-11-08T14:15:16.725630", "type": "looking_away", "count": 729}
{"timestamp": "2024-11-08T14:15:16.774199", "type": "looking_away", "count": 730}
{"timestamp": "2024-11-08T14:15:16.799715", "type": "looking_away", "count": 731}
{"timestamp": "2024-11-08T14:15:16.821716", "type": "looking_away", "count": 732}
{"timestamp": "2024-11-08T14:15:16.866282", "type": "looking_away", "count": 733}
{"timestamp": "2024-11-08T14:15:16.888798", "type": "looking_away", "count": 734}
{"timestamp": "2024-11-08T14:15:17.053386", "type": "looking_away", "count": 735}
{"timestamp": "2024-11-08T14:15:17.098921", "type": "looking_away", "count": 736}
{"timestamp": "2024-11-08T14:15:17.121922", "type": "looking_away", "count": 737}
{"timestamp": "2024-11-08T14:15:17.146447", "type": "looking_away", "count": 738}
{"timestamp": "2024-11-08T14:15:17.169445", "type": "looking_away", "count": 739}
{"timestamp": "2024-11-08T14:15:17.191976", "type": "looking_away", "count": 740}
{"timestamp": "2024-11-08T14:15:17.216976", "type": "looking_away", "count": 741}
{"timestamp": "2024-11-08T14:15:17.282516", "type": "looking_away", "count": 742}
{"timestamp": "2024-11-08T14:15:17.304033", "type": "looking_away", "count": 743}
{"timestamp": "2024-11-08T14:15:17.326037", "type": "looking_away", "count": 744}
{"timestamp": "2024-11-08T14:15:17.350567", "type": "looking_away", "count": 745}
{"timestamp": "2024-11-08T14:15:17.379573", "type": "looking_away", "count": 746}
{"timestamp": "2024-11-08T14:15:17.402099", "type": "looking_away", "count": 747}
{"timestamp": "2024-11-08T14:15:17.475623", "type": "looking_away", "count": 748}
{"timestamp": "2024-11-08T14:15:17.582688", "type": "looking_away", "count": 749}
{"timestamp": "2024-11-08T14:15:17.633218", "type": "looking_away", "count": 750}
{"timestamp": "2024-11-08T14:15:17.684749", "type": "looking_away", "count": 751}
{"timestamp": "2024-11-08T14:15:17.706265", "type": "looking_away", "count": 752}
{"timestamp": "2024-11-08T14:15:17.729274", "type": "looking_away", "count": 753}
{"timestamp": "2024-11-08T14:15:17.753790", "type": "looking_away", "count": 754}
{"timestamp": "2024-11-08T14:15:17.783804", "type": "looking_away", "count": 755}
{"timestamp": "2024-11-08T14:15:17.809328", "type": "looking_away", "count": 756}
{"timestamp": "2024-11-08T14:15:17.873866", "type": "looking_away", "count": 757}
{"timestamp": "2024-11-08T14:15:17.896883", "type": "looking_away", "count": 758}
{"timestamp": "2024-11-08T14:15:17.918398", "type": "looking_away", "count": 759}
{"timestamp": "2024-11-08T14:15:17.969927", "type": "looking_away", "count": 760}
{"timestamp": "2024-11-08T14:15:17.992935", "type": "looking_away", "count": 761}
{"timestamp": "2024-11-08T14:15:18.015465", "type": "looking_away", "count": 762}
{"timestamp": "2024-11-08T14:15:18.081003", "type": "looking_away", "count": 763}
{"timestamp": "2024-11-08T14:15:18.121529", "type": "looking_away", "count": 764}
{"timestamp": "2024-11-08T14:15:18.164074", "type": "looking_away", "count": 765}
{"timestamp": "2024-11-08T14:15:18.187057", "type": "looking_away", "count": 766}
{"timestamp": "2024-11-08T14:15:18.211588", "type": "looking_away", "count": 767}
{"timestamp": "2024-11-08T14:15:18.235600", "type": "looking_away", "count": 768}
{"timestamp": "2024-11-08T14:15:18.275127", "type": "looking_away", "count": 769}
{"timestamp": "2024-11-08T14:15:18.299144", "type": "looking_away", "count": 770}
{"timestamp": "2024-11-08T14:15:18.322661", "type": "looking_away", "count": 771}
{"timestamp": "2024-11-08T14:15:18.371189", "type": "looking_away", "count": 772}
{"timestamp": "2024-11-08T14:15:18.395200", "type": "looking_away", "count": 773}
{"timestamp": "2024-11-08T14:15:18.417715", "type": "looking_away", "count": 774}
{"timestamp": "2024-11-08T14:15:18.440723", "type": "looking_away", "count": 775}
{"timestamp": "2024-11-08T14:15:18.482239", "type": "looking_away", "count": 776}
{"timestamp": "2024-11-08T14:15:18.503247", "type": "looking_away", "count": 777}
{"timestamp": "2024-11-08T14:15:18.528763", "type": "looking_away", "count": 778}
{"timestamp": "2024-11-08T14:15:18.580304", "type": "looking_away", "count": 779}
{"timestamp": "2024-11-08T14:15:18.603313", "type": "looking_away", "count": 780}
{"timestamp": "2024-11-08T14:15:18.704366", "type": "looking_away", "count": 781}
{"timestamp": "2024-11-08T14:15:18.819938", "type": "looking_away", "count": 782}
{"timestamp": "2024-11-08T14:15:18.851476", "type": "looking_away", "count": 783}
{"timestamp": "2024-11-08T14:15:18.880472", "type": "looking_away", "count": 784}
{"timestamp": "2024-11-08T14:15:18.912471", "type": "looking_away", "count": 785}
{"timestamp": "2024-11-08T14:15:18.953509", "type": "looking_away", "count": 786}
{"timestamp": "2024-11-08T14:15:18.996519", "type": "looking_away", "count": 787}
{"timestamp": "2024-11-08T14:15:19.031526", "type": "looking_away", "count": 788}
{"timestamp": "2024-11-08T14:15:19.066046", "type": "looking_away", "count": 789}
{"timestamp": "2024-11-08T14:15:19.094583", "type": "looking_away", "count": 790}
{"timestamp": "2024-11-08T14:15:19.132593", "type": "looking_away", "count": 791}
{"timestamp": "2024-11-08T14:15:19.160107", "type": "looking_away", "count": 792}
{"timestamp": "2024-11-08T14:15:19.185116", "type": "looking_away", "count": 793}
{"timestamp": "2024-11-08T14:15:19.228632", "type": "looking_away", "count": 794}
{"timestamp": "2024-11-08T14:15:19.264179", "type": "looking_away", "count": 795}
{"timestamp": "2024-11-08T14:15:19.294192", "type": "looking_away", "count": 796}
{"timestamp": "2024-11-08T14:15:19.340230", "type": "looking_away", "count": 797}
{"timestamp": "2024-11-08T14:15:19.384779", "type": "looking_away", "count": 798}
{"timestamp": "2024-11-08T14:15:19.410782", "type": "looking_away", "count": 799}
{"timestamp": "2024-11-08T14:15:19.441788", "type": "looking_away", "count": 800}
{"timestamp": "2024-11-08T14:15:19.469823", "type": "looking_away", "count": 801}
{"timestamp": "2024-11-08T14:15:19.519825", "type": "looking_away", "count": 802}
{"timestamp": "2024-11-08T14:15:19.553360", "type": "looking_away", "count": 803}
{"timestamp": "2024-11-08T14:15:19.581872", "type": "looking_away", "count": 804}
{"timestamp": "2024-11-08T14:15:19.608875", "type": "looking_away", "count": 805}
{"timestamp": "2024-11-08T14:15:20.029036", "type": "looking_away", "count": 806}
{"timestamp": "2024-11-08T14:15:20.089559", "type": "looking_away", "count": 807}
{"timestamp": "2024-11-08T14:15:20.125564", "type": "looking_away", "count": 808}
{"timestamp": "2024-11-08T14:15:20.248118", "type": "looking_away", "count": 809}
{"timestamp": "2024-11-08T14:15:20.280642", "type": "looking_away", "count": 810}
{"timestamp": "2024-11-08T14:15:20.352171", "type": "looking_away", "count": 811}
{"timestamp": "2024-11-08T14:15:20.377169", "type": "looking_away", "count": 812}
{"timestamp": "2024-11-08T14:15:20.428175", "type": "looking_away", "count": 813}
{"timestamp": "2024-11-08T14:15:20.488215", "type": "looking_away", "count": 814}
{"timestamp": "2024-11-08T14:15:20.543217", "type": "looking_away", "count": 815}
{"timestamp": "2024-11-08T14:15:20.567252", "type": "looking_away", "count": 816}
{"timestamp": "2024-11-08T14:15:20.601252", "type": "looking_away", "count": 817}
{"timestamp": "2024-11-08T14:15:20.645771", "type": "looking_away", "count": 818}
{"timestamp": "2024-11-08T14:15:20.667780", "type": "looking_away", "count": 819}
{"timestamp": "2024-11-08T14:15:20.709312", "type": "looking_away", "count": 820}
{"timestamp": "2024-11-08T14:15:20.741317", "type": "looking_away", "count": 821}
{"timestamp": "2024-11-08T14:15:20.778828", "type": "looking_away", "count": 822}
{"timestamp": "2024-11-08T14:15:20.816842", "type": "looking_away", "count": 823}
{"timestamp": "2024-11-08T14:15:20.845367", "type": "looking_away", "count": 824}
{"timestamp": "2024-11-08T14:15:20.880881", "type": "looking_away", "count": 825}
{"timestamp": "2024-11-08T14:15:20.909881", "type": "looking_away", "count": 826}
{"timestamp": "2024-11-08T14:15:20.994925", "type": "looking_away", "count": 827}
{"timestamp": "2024-11-08T14:15:21.018924", "type": "looking_away", "count": 828}
{"timestamp": "2024-11-08T14:15:21.082988", "type": "looking_away", "count": 829}
{"timestamp": "2024-11-08T14:15:21.109987", "type": "looking_away", "count": 830}
{"timestamp": "2024-11-08T14:15:21.134997", "type": "looking_away", "count": 831}
{"timestamp": "2024-11-08T14:15:21.190042", "type": "looking_away", "count": 832}
{"timestamp": "2024-11-08T14:15:21.220042", "type": "looking_away", "count": 833}
{"timestamp": "2024-11-08T14:15:21.254564", "type": "looking_away", "count": 834}
{"timestamp": "2024-11-08T14:15:21.279579", "type": "looking_away", "count": 835}
{"timestamp": "2024-11-08T14:15:21.304095", "type": "looking_away", "count": 836}
{"timestamp": "2024-11-08T14:15:21.343107", "type": "looking_away", "count": 837}
{"timestamp": "2024-11-08T14:15:21.366637", "type": "looking_away", "count": 838}
{"timestamp": "2024-11-08T14:15:21.398161", "type": "looking_away", "count": 839}
{"timestamp": "2024-11-08T14:15:21.435162", "type": "looking_away", "count": 840}
{"timestamp": "2024-11-08T14:15:21.499689", "type": "looking_away", "count": 841}
{"timestamp": "2024-11-08T14:15:21.526203", "type": "looking_away", "count": 842}
{"timestamp": "2024-11-08T14:15:21.560727", "type": "looking_away", "count": 843}
{"timestamp": "2024-11-08T14:15:21.590728", "type": "looking_away", "count": 844}
{"timestamp": "2024-11-08T14:15:21.614272", "type": "looking_away", "count": 845}
{"timestamp": "2024-11-08T14:15:21.642280", "type": "looking_away", "count": 846}
{"timestamp": "2024-11-08T14:15:21.676806", "type": "looking_away", "count": 847}
{"timestamp": "2024-11-08T14:15:21.700811", "type": "looking_away", "count": 848}
{"timestamp": "2024-11-08T14:15:21.728326", "type": "looking_away", "count": 849}
{"timestamp": "2024-11-08T14:15:21.781851", "type": "looking_away", "count": 850}
{"timestamp": "2024-11-08T14:15:21.806859", "type": "looking_away", "count": 851}
{"timestamp": "2024-11-08T14:15:21.840386", "type": "looking_away", "count": 852}
{"timestamp": "2024-11-08T14:15:21.883899", "type": "looking_away", "count": 853}
{"timestamp": "2024-11-08T14:15:21.912914", "type": "looking_away", "count": 854}
{"timestamp": "2024-11-08T14:15:21.936446", "type": "looking_away", "count": 855}
{"timestamp": "2024-11-08T14:15:21.959964", "type": "looking_away", "count": 856}
{"timestamp": "2024-11-08T14:15:22.003963", "type": "looking_away", "count": 857}
{"timestamp": "2024-11-08T14:15:22.034499", "type": "looking_away", "count": 858}
{"timestamp": "2024-11-08T14:15:22.058018", "type": "looking_away", "count": 859}
{"timestamp": "2024-11-08T14:15:22.101020", "type": "looking_away", "count": 860}
{"timestamp": "2024-11-08T14:15:22.134030", "type": "looking_away", "count": 861}
{"timestamp": "2024-11-08T14:15:22.158056", "type": "looking_away", "count": 862}
{"timestamp": "2024-11-08T14:15:22.197059", "type": "looking_away", "count": 863}
{"timestamp": "2024-11-08T14:15:22.222061", "type": "looking_away", "count": 864}
{"timestamp": "2024-11-08T14:15:22.303107", "type": "looking_away", "count": 865}
{"timestamp": "2024-11-08T14:15:22.328106", "type": "looking_away", "count": 866}
{"timestamp": "2024-11-08T14:15:22.361640", "type": "looking_away", "count": 867}
{"timestamp": "2024-11-08T14:15:22.404156", "type": "looking_away", "count": 868}
{"timestamp": "2024-11-08T14:15:22.429157", "type": "looking_away", "count": 869}
{"timestamp": "2024-11-08T14:15:22.458678", "type": "looking_away", "count": 870}
{"timestamp": "2024-11-08T14:15:22.490208", "type": "looking_away", "count": 871}
{"timestamp": "2024-11-08T14:15:22.529205", "type": "looking_away", "count": 872}
{"timestamp": "2024-11-08T14:15:22.553744", "type": "looking_away", "count": 873}
{"timestamp": "2024-11-08T14:15:22.592248", "type": "looking_away", "count": 874}
{"timestamp": "2024-11-08T14:15:22.634263", "type": "looking_away", "count": 875}
{"timestamp": "2024-11-08T14:15:22.659780", "type": "looking_away", "count": 876}
{"timestamp": "2024-11-08T14:15:22.692791", "type": "looking_away", "count": 877}
{"timestamp": "2024-11-08T14:15:22.718306", "type": "looking_away", "count": 878}
{"timestamp": "2024-11-08T14:15:22.746819", "type": "looking_away", "count": 879}
{"timestamp": "2024-11-08T14:15:22.794836", "type": "looking_away", "count": 880}
{"timestamp": "2024-11-08T14:15:22.825352", "type": "looking_away", "count": 881}
{"timestamp": "2024-11-08T14:15:22.857875", "type": "looking_away", "count": 882}
{"timestamp": "2024-11-08T14:15:22.884876", "type": "looking_away", "count": 883}
{"timestamp": "2024-11-08T14:15:22.915401", "type": "looking_away", "count": 884}
{"timestamp": "2024-11-08T14:15:22.946922", "type": "looking_away", "count": 885}
{"timestamp": "2024-11-08T14:15:22.970929", "type": "looking_away", "count": 886}
{"timestamp": "2024-11-08T14:15:22.994931", "type": "looking_away", "count": 887}
{"timestamp": "2024-11-08T14:15:23.032464", "type": "looking_away", "count": 888}
{"timestamp": "2024-11-08T14:15:23.095978", "type": "looking_away", "count": 889}
{"timestamp": "2024-11-08T14:15:23.119495", "type": "looking_away", "count": 890}
{"timestamp": "2024-11-08T14:15:23.151037", "type": "looking_away", "count": 891}
{"timestamp": "2024-11-08T14:15:23.178037", "type": "looking_away", "count": 892}
{"timestamp": "2024-11-08T14:15:23.202037", "type": "looking_away", "count": 893}
{"timestamp": "2024-11-08T14:15:23.227584", "type": "looking_away", "count": 894}
{"timestamp": "2024-11-08T14:15:23.253106", "type": "looking_away", "count": 895}
{"timestamp": "2024-11-08T14:15:23.287114", "type": "looking_away", "count": 896}
{"timestamp": "2024-11-08T14:15:23.309106", "type": "looking_away", "count": 897}
{"timestamp": "2024-11-08T14:15:23.334649", "type": "looking_away", "count": 898}
{"timestamp": "2024-11-08T14:15:23.392160", "type": "looking_away", "count": 899}
{"timestamp": "2024-11-08T14:15:23.416161", "type": "looking_away", "count": 900}
{"timestamp": "2024-11-08T14:15:23.504207", "type": "looking_away", "count": 901}
{"timestamp": "2024-11-08T14:15:23.527215", "type": "looking_away", "count": 902}
{"timestamp": "2024-11-08T14:15:23.558247", "type": "looking_away", "count": 903}
{"timestamp": "2024-11-08T14:15:23.594240", "type": "looking_away", "count": 904}
{"timestamp": "2024-11-08T14:15:23.626241", "type": "looking_away", "count": 905}
{"timestamp": "2024-11-08T14:15:23.705292", "type": "looking_away", "count": 906}
{"timestamp": "2024-11-08T14:15:23.800814", "type": "looking_away", "count": 907}
{"timestamp": "2024-11-08T14:15:23.861868", "type": "looking_away", "count": 908}
{"timestamp": "2024-11-08T14:15:23.883867", "type": "looking_away", "count": 909}
{"timestamp": "2024-11-08T14:15:23.916869", "type": "looking_away", "count": 910}
{"timestamp": "2024-11-08T14:15:23.957912", "type": "looking_away", "count": 911}
{"timestamp": "2024-11-08T14:15:23.981911", "type": "looking_away", "count": 912}
{"timestamp": "2024-11-08T14:15:24.025912", "type": "looking_away", "count": 913}
{"timestamp": "2024-11-08T14:15:24.079955", "type": "looking_away", "count": 914}
{"timestamp": "2024-11-08T14:15:24.107958", "type": "looking_away", "count": 915}
{"timestamp": "2024-11-08T14:15:24.134965", "type": "looking_away", "count": 916}
{"timestamp": "2024-11-08T14:15:24.194003", "type": "looking_away", "count": 917}
{"timestamp": "2024-11-08T14:15:24.218006", "type": "looking_away", "count": 918}
{"timestamp": "2024-11-08T14:15:24.312058", "type": "looking_away", "count": 919}
{"timestamp": "2024-11-08T14:15:24.335066", "type": "looking_away", "count": 920}
{"timestamp": "2024-11-08T14:15:24.359583", "type": "looking_away", "count": 921}
{"timestamp": "2024-11-08T14:15:24.876251", "type": "looking_away", "count": 922}
{"timestamp": "2024-11-08T14:15:24.916253", "type": "looking_away", "count": 923}
{"timestamp": "2024-11-08T14:15:24.947770", "type": "looking_away", "count": 924}
{"timestamp": "2024-11-08T14:15:24.972788", "type": "looking_away", "count": 925}
{"timestamp": "2024-11-08T14:15:25.015300", "type": "looking_away", "count": 926}
{"timestamp": "2024-11-08T14:15:25.058831", "type": "looking_away", "count": 927}
{"timestamp": "2024-11-08T14:15:25.085833", "type": "looking_away", "count": 928}
{"timestamp": "2024-11-08T14:15:25.123349", "type": "looking_away", "count": 929}
{"timestamp": "2024-11-08T14:15:25.156870", "type": "looking_away", "count": 930}
{"timestamp": "2024-11-08T14:15:25.194877", "type": "looking_away", "count": 931}
{"timestamp": "2024-11-08T14:15:25.216394", "type": "looking_away", "count": 932}
{"timestamp": "2024-11-08T14:15:25.278176", "type": "looking_away", "count": 933}
{"timestamp": "2024-11-08T14:15:25.300172", "type": "looking_away", "count": 934}
{"timestamp": "2024-11-08T14:15:25.322181", "type": "looking_away", "count": 935}
{"timestamp": "2024-11-08T14:15:25.356227", "type": "looking_away", "count": 936}
{"timestamp": "2024-11-08T14:15:25.417227", "type": "looking_away", "count": 937}
{"timestamp": "2024-11-08T14:15:25.443749", "type": "looking_away", "count": 938}
{"timestamp": "2024-11-08T14:15:25.484265", "type": "looking_away", "count": 939}
{"timestamp": "2024-11-08T14:15:25.530264", "type": "looking_away", "count": 940}
{"timestamp": "2024-11-08T14:15:25.561793", "type": "looking_away", "count": 941}
{"timestamp": "2024-11-08T14:15:25.607321", "type": "looking_away", "count": 942}
{"timestamp": "2024-11-08T14:15:25.646330", "type": "looking_away", "count": 943}
{"timestamp": "2024-11-08T14:15:25.697846", "type": "looking_away", "count": 944}
{"timestamp": "2024-11-08T14:15:25.723370", "type": "looking_away", "count": 945}
{"timestamp": "2024-11-08T14:15:25.755900", "type": "looking_away", "count": 946}
{"timestamp": "2024-11-08T14:15:25.806900", "type": "looking_away", "count": 947}
{"timestamp": "2024-11-08T14:15:25.829902", "type": "looking_away", "count": 948}
{"timestamp": "2024-11-08T14:15:25.879939", "type": "looking_away", "count": 949}
{"timestamp": "2024-11-08T14:15:25.948456", "type": "looking_away", "count": 950}
{"timestamp": "2024-11-08T14:15:25.970471", "type": "looking_away", "count": 951}
{"timestamp": "2024-11-08T14:15:25.994989", "type": "looking_away", "count": 952}
{"timestamp": "2024-11-08T14:15:26.038007", "type": "looking_away", "count": 953}
{"timestamp": "2024-11-08T14:15:26.061527", "type": "looking_away", "count": 954}
{"timestamp": "2024-11-08T14:15:26.097048", "type": "looking_away", "count": 955}
{"timestamp": "2024-11-08T14:15:26.129048", "type": "looking_away", "count": 956}
{"timestamp": "2024-11-08T14:15:26.151573", "type": "looking_away", "count": 957}
{"timestamp": "2024-11-08T14:15:26.188579", "type": "looking_away", "count": 958}
{"timestamp": "2024-11-08T14:15:26.225099", "type": "looking_away", "count": 959}
{"timestamp": "2024-11-08T14:15:26.248607", "type": "looking_away", "count": 960}
{"timestamp": "2024-11-08T14:15:26.309614", "type": "looking_away", "count": 961}
{"timestamp": "2024-11-08T14:15:26.333151", "type": "looking_away", "count": 962}
{"timestamp": "2024-11-08T14:15:26.358673", "type": "looking_away", "count": 963}
{"timestamp": "2024-11-08T14:15:26.390673", "type": "looking_away", "count": 964}
{"timestamp": "2024-11-08T14:15:26.416718", "type": "looking_away", "count": 965}
{"timestamp": "2024-11-08T14:15:26.442278", "type": "looking_away", "count": 966}
{"timestamp": "2024-11-08T14:15:26.496442", "type": "looking_away", "count": 967}
{"timestamp": "2024-11-08T14:15:26.530529", "type": "looking_away", "count": 968}
{"timestamp": "2024-11-08T14:15:26.555095", "type": "looking_away", "count": 969}
{"timestamp": "2024-11-08T14:15:26.582155", "type": "looking_away", "count": 970}
{"timestamp": "2024-11-08T14:15:26.609735", "type": "looking_away", "count": 971}
{"timestamp": "2024-11-08T14:15:26.633794", "type": "looking_away", "count": 972}
{"timestamp": "2024-11-08T14:15:26.660881", "type": "looking_away", "count": 973}
{"timestamp": "2024-11-08T14:15:26.700001", "type": "looking_away", "count": 974}
{"timestamp": "2024-11-08T14:15:26.729581", "type": "looking_away", "count": 975}
{"timestamp": "2024-11-08T14:15:26.757163", "type": "looking_away", "count": 976}
{"timestamp": "2024-11-08T14:15:26.802259", "type": "looking_away", "count": 977}
{"timestamp": "2024-11-08T14:15:26.825825", "type": "looking_away", "count": 978}
{"timestamp": "2024-11-08T14:15:26.852891", "type": "looking_away", "count": 979}
{"timestamp": "2024-11-08T14:15:26.890719", "type": "looking_away", "count": 980}
{"timestamp": "2024-11-08T14:15:26.912777", "type": "looking_away", "count": 981}
{"timestamp": "2024-11-08T14:15:26.944858", "type": "looking_away", "count": 982}
{"timestamp": "2024-11-08T14:15:27.008577", "type": "looking_away", "count": 983}
{"timestamp": "2024-11-08T14:15:27.039167", "type": "looking_away", "count": 984}
{"timestamp": "2024-11-08T14:15:27.081292", "type": "looking_away", "count": 985}
{"timestamp": "2024-11-08T14:15:27.130949", "type": "looking_away", "count": 986}
{"timestamp": "2024-11-08T14:15:27.163561", "type": "looking_away", "count": 987}
{"timestamp": "2024-11-08T14:15:27.255298", "type": "looking_away", "count": 988}
{"timestamp": "2024-11-08T14:15:27.280356", "type": "looking_away", "count": 989}
{"timestamp": "2024-11-08T14:15:27.315452", "type": "looking_away", "count": 990}
{"timestamp": "2024-11-08T14:15:27.361485", "type": "looking_away", "count": 991}
{"timestamp": "2024-11-08T14:15:27.417638", "type": "looking_away", "count": 992}
{"timestamp": "2024-11-08T14:15:27.452758", "type": "looking_away", "count": 993}
{"timestamp": "2024-11-08T14:15:27.529970", "type": "looking_away", "count": 994}
{"timestamp": "2024-11-08T14:15:27.574616", "type": "looking_away", "count": 995}
{"timestamp": "2024-11-08T14:15:27.686426", "type": "looking_away", "count": 996}
{"timestamp": "2024-11-08T14:15:27.711503", "type": "looking_away", "count": 997}
{"timestamp": "2024-11-08T14:15:27.852875", "type": "looking_away", "count": 998}
{"timestamp": "2024-11-08T14:15:27.877422", "type": "looking_away", "count": 999}
{"timestamp": "2024-11-08T14:15:27.909462", "type": "looking_away", "count": 1000}
{"timestamp": "2024-11-08T14:15:28.000982", "type": "looking_away", "count": 1001}
{"timestamp": "2024-11-08T14:15:28.023007", "type": "looking_away", "count": 1002}
{"timestamp": "2024-11-08T14:15:28.055008", "type": "looking_away", "count": 1003}
{"timestamp": "2024-11-08T14:15:28.106016", "type": "looking_away", "count": 1004}
{"timestamp": "2024-11-08T14:15:28.131551", "type": "looking_away", "count": 1005}
{"timestamp": "2024-11-08T14:15:28.154064", "type": "looking_away", "count": 1006}
{"timestamp": "2024-11-08T14:15:28.205072", "type": "looking_away", "count": 1007}
{"timestamp": "2024-11-08T14:15:28.227592", "type": "looking_away", "count": 1008}
{"timestamp": "2024-11-08T14:15:28.261121", "type": "looking_away", "count": 1009}
{"timestamp": "2024-11-08T14:15:28.297115", "type": "looking_away", "count": 1010}
{"timestamp": "2024-11-08T14:15:28.321638", "type": "looking_away", "count": 1011}
{"timestamp": "2024-11-08T14:15:28.347640", "type": "looking_away", "count": 1012}
{"timestamp": "2024-11-08T14:15:28.401181", "type": "looking_away", "count": 1013}
{"timestamp": "2024-11-08T14:15:28.425696", "type": "looking_away", "count": 1014}
{"timestamp": "2024-11-08T14:15:28.452709", "type": "looking_away", "count": 1015}
{"timestamp": "2024-11-08T14:15:28.487225", "type": "looking_away", "count": 1016}
{"timestamp": "2024-11-08T14:15:28.513234", "type": "looking_away", "count": 1017}
{"timestamp": "2024-11-08T14:15:28.541751", "type": "looking_away", "count": 1018}
{"timestamp": "2024-11-08T14:15:28.610284", "type": "looking_away", "count": 1019}
{"timestamp": "2024-11-08T14:15:28.636802", "type": "looking_away", "count": 1020}
{"timestamp": "2024-11-08T14:15:28.659801", "type": "looking_away", "count": 1021}
{"timestamp": "2024-11-08T14:15:28.705342", "type": "looking_away", "count": 1022}
{"timestamp": "2024-11-08T14:15:28.735866", "type": "looking_away", "count": 1023}
{"timestamp": "2024-11-08T14:15:28.757866", "type": "looking_away", "count": 1024}
{"timestamp": "2024-11-08T14:15:28.792395", "type": "looking_away", "count": 1025}
{"timestamp": "2024-11-08T14:15:28.830192", "type": "looking_away", "count": 1026}
{"timestamp": "2024-11-08T14:15:28.853193", "type": "looking_away", "count": 1027}
{"timestamp": "2024-11-08T14:15:28.890203", "type": "looking_away", "count": 1028}
{"timestamp": "2024-11-08T14:15:28.919694", "type": "looking_away", "count": 1029}
{"timestamp": "2024-11-08T14:15:28.942702", "type": "looking_away", "count": 1030}
{"timestamp": "2024-11-08T14:15:28.997228", "type": "looking_away", "count": 1031}
{"timestamp": "2024-11-08T14:15:29.027749", "type": "looking_away", "count": 1032}
{"timestamp": "2024-11-08T14:15:29.053749", "type": "looking_away", "count": 1033}
{"timestamp": "2024-11-08T14:15:29.097757", "type": "looking_away", "count": 1034}
{"timestamp": "2024-11-08T14:15:29.120798", "type": "looking_away", "count": 1035}
{"timestamp": "2024-11-08T14:15:29.145800", "type": "looking_away", "count": 1036}
{"timestamp": "2024-11-08T14:15:29.189807", "type": "looking_away", "count": 1037}
{"timestamp": "2024-11-08T14:15:29.458078", "type": "looking_away", "count": 1038}
{"timestamp": "2024-11-08T14:15:29.480076", "type": "looking_away", "count": 1039}
{"timestamp": "2024-11-08T14:15:29.502097", "type": "looking_away", "count": 1040}
{"timestamp": "2024-11-08T14:15:29.527629", "type": "looking_away", "count": 1041}
{"timestamp": "2024-11-08T14:15:29.555631", "type": "looking_away", "count": 1042}
{"timestamp": "2024-11-08T14:15:29.597148", "type": "looking_away", "count": 1043}
{"timestamp": "2024-11-08T14:15:29.627909", "type": "looking_away", "count": 1044}
{"timestamp": "2024-11-08T14:15:29.651919", "type": "looking_away", "count": 1045}
{"timestamp": "2024-11-08T14:15:29.715962", "type": "looking_away", "count": 1046}
{"timestamp": "2024-11-08T14:15:29.737970", "type": "looking_away", "count": 1047}
{"timestamp": "2024-11-08T14:15:29.761490", "type": "looking_away", "count": 1048}
{"timestamp": "2024-11-08T14:15:29.800506", "type": "looking_away", "count": 1049}
{"timestamp": "2024-11-08T14:15:29.821027", "type": "looking_away", "count": 1050}
{"timestamp": "2024-11-08T14:15:29.847026", "type": "looking_away", "count": 1051}
{"timestamp": "2024-11-08T14:15:29.912562", "type": "looking_away", "count": 1052}
{"timestamp": "2024-11-08T14:15:29.936079", "type": "looking_away", "count": 1053}
{"timestamp": "2024-11-08T14:15:29.964094", "type": "looking_away", "count": 1054}
{"timestamp": "2024-11-08T14:15:29.993616", "type": "looking_away", "count": 1055}
{"timestamp": "2024-11-08T14:15:30.018150", "type": "looking_away", "count": 1056}
{"timestamp": "2024-11-08T14:15:30.043149", "type": "looking_away", "count": 1057}
{"timestamp": "2024-11-08T14:15:30.114689", "type": "looking_away", "count": 1058}
{"timestamp": "2024-11-08T14:15:30.141221", "type": "looking_away", "count": 1059}
{"timestamp": "2024-11-08T14:15:30.169221", "type": "looking_away", "count": 1060}
{"timestamp": "2024-11-08T14:15:30.203745", "type": "looking_away", "count": 1061}
{"timestamp": "2024-11-08T14:15:30.234264", "type": "looking_away", "count": 1062}
{"timestamp": "2024-11-08T14:15:30.262264", "type": "looking_away", "count": 1063}
{"timestamp": "2024-11-08T14:15:30.292788", "type": "looking_away", "count": 1064}
{"timestamp": "2024-11-08T14:15:30.328313", "type": "looking_away", "count": 1065}
{"timestamp": "2024-11-08T14:15:30.355315", "type": "looking_away", "count": 1066}
{"timestamp": "2024-11-08T14:15:30.394837", "type": "looking_away", "count": 1067}
{"timestamp": "2024-11-08T14:15:30.423372", "type": "looking_away", "count": 1068}
{"timestamp": "2024-11-08T14:15:30.457370", "type": "looking_away", "count": 1069}
{"timestamp": "2024-11-08T14:15:30.504913", "type": "looking_away", "count": 1070}
{"timestamp": "2024-11-08T14:15:30.532432", "type": "looking_away", "count": 1071}
{"timestamp": "2024-11-08T14:15:30.557430", "type": "looking_away", "count": 1072}
{"timestamp": "2024-11-08T14:15:30.600437", "type": "looking_away", "count": 1073}
{"timestamp": "2024-11-08T14:15:30.624471", "type": "looking_away", "count": 1074}
{"timestamp": "2024-11-08T14:15:30.652472", "type": "looking_away", "count": 1075}
{"timestamp": "2024-11-08T14:15:30.697471", "type": "looking_away", "count": 1076}
{"timestamp": "2024-11-08T14:15:30.719518", "type": "looking_away", "count": 1077}
{"timestamp": "2024-11-08T14:15:30.751517", "type": "looking_away", "count": 1078}
{"timestamp": "2024-11-08T14:15:30.791516", "type": "looking_away", "count": 1079}
{"timestamp": "2024-11-08T14:15:30.813528", "type": "looking_away", "count": 1080}
{"timestamp": "2024-11-08T14:15:30.852559", "type": "looking_away", "count": 1081}
{"timestamp": "2024-11-08T14:15:31.401819", "type": "looking_away", "count": 1082}
{"timestamp": "2024-11-08T14:15:31.424339", "type": "looking_away", "count": 1083}
{"timestamp": "2024-11-08T14:15:31.456350", "type": "looking_away", "count": 1084}
{"timestamp": "2024-11-08T14:15:31.500867", "type": "looking_away", "count": 1085}
{"timestamp": "2024-11-08T14:15:31.523410", "type": "looking_away", "count": 1086}
{"timestamp": "2024-11-08T14:15:31.552426", "type": "looking_away", "count": 1087}
{"timestamp": "2024-11-08T14:15:31.594934", "type": "looking_away", "count": 1088}
{"timestamp": "2024-11-08T14:15:31.619454", "type": "looking_away", "count": 1089}
{"timestamp": "2024-11-08T14:15:31.644455", "type": "looking_away", "count": 1090}
{"timestamp": "2024-11-08T14:15:31.713986", "type": "looking_away", "count": 1091}
{"timestamp": "2024-11-08T14:15:31.737515", "type": "looking_away", "count": 1092}
{"timestamp": "2024-11-08T14:15:31.759521", "type": "looking_away", "count": 1093}
{"timestamp": "2024-11-08T14:15:31.800040", "type": "looking_away", "count": 1094}
{"timestamp": "2024-11-08T14:15:31.822567", "type": "looking_away", "count": 1095}
{"timestamp": "2024-11-08T14:15:31.850567", "type": "looking_away", "count": 1096}
{"timestamp": "2024-11-08T14:15:31.894090", "type": "looking_away", "count": 1097}
{"timestamp": "2024-11-08T14:15:31.918619", "type": "looking_away", "count": 1098}
{"timestamp": "2024-11-08T14:15:31.948620", "type": "looking_away", "count": 1099}
{"timestamp": "2024-11-08T14:15:32.013145", "type": "looking_away", "count": 1100}
{"timestamp": "2024-11-08T14:15:32.036657", "type": "looking_away", "count": 1101}
{"timestamp": "2024-11-08T14:15:32.058656", "type": "looking_away", "count": 1102}
{"timestamp": "2024-11-08T14:15:32.113188", "type": "looking_away", "count": 1103}
{"timestamp": "2024-11-08T14:15:32.136700", "type": "looking_away", "count": 1104}
{"timestamp": "2024-11-08T14:15:32.162702", "type": "looking_away", "count": 1105}
{"timestamp": "2024-11-08T14:15:32.200230", "type": "looking_away", "count": 1106}
{"timestamp": "2024-11-08T14:15:32.223753", "type": "looking_away", "count": 1107}
{"timestamp": "2024-11-08T14:15:32.250753", "type": "looking_away", "count": 1108}
{"timestamp": "2024-11-08T14:15:32.296274", "type": "looking_away", "count": 1109}
{"timestamp": "2024-11-08T14:15:32.318797", "type": "looking_away", "count": 1110}
{"timestamp": "2024-11-08T14:15:32.347805", "type": "looking_away", "count": 1111}
{"timestamp": "2024-11-08T14:15:32.404328", "type": "looking_away", "count": 1112}
{"timestamp": "2024-11-08T14:15:32.431109", "type": "looking_away", "count": 1113}
{"timestamp": "2024-11-08T14:15:32.456106", "type": "looking_away", "count": 1114}
{"timestamp": "2024-11-08T14:15:32.504120", "type": "looking_away", "count": 1115}
{"timestamp": "2024-11-08T14:15:32.529157", "type": "looking_away", "count": 1116}
{"timestamp": "2024-11-08T14:15:32.556156", "type": "looking_away", "count": 1117}
{"timestamp": "2024-11-08T14:15:32.616683", "type": "looking_away", "count": 1118}
{"timestamp": "2024-11-08T14:15:32.640205", "type": "looking_away", "count": 1119}
{"timestamp": "2024-11-08T14:15:32.691202", "type": "looking_away", "count": 1120}
{"timestamp": "2024-11-08T14:15:32.714213", "type": "looking_away", "count": 1121}
{"timestamp": "2024-11-08T14:15:32.742730", "type": "looking_away", "count": 1122}
{"timestamp": "2024-11-08T14:15:32.807737", "type": "looking_away", "count": 1123}
{"timestamp": "2024-11-08T14:15:32.832759", "type": "looking_away", "count": 1124}
{"timestamp": "2024-11-08T14:15:32.856759", "type": "looking_away", "count": 1125}
{"timestamp": "2024-11-08T14:15:32.903763", "type": "looking_away", "count": 1126}
{"timestamp": "2024-11-08T14:15:32.927273", "type": "looking_away", "count": 1127}
{"timestamp": "2024-11-08T14:15:32.957261", "type": "looking_away", "count": 1128}
{"timestamp": "2024-11-08T14:15:33.000262", "type": "looking_away", "count": 1129}
{"timestamp": "2024-11-08T14:15:33.023789", "type": "looking_away", "count": 1130}
{"timestamp": "2024-11-08T14:15:33.048305", "type": "looking_away", "count": 1131}
{"timestamp": "2024-11-08T14:15:33.101307", "type": "looking_away", "count": 1132}
{"timestamp": "2024-11-08T14:15:33.122833", "type": "looking_away", "count": 1133}
{"timestamp": "2024-11-08T14:15:33.151357", "type": "looking_away", "count": 1134}
{"timestamp": "2024-11-08T14:15:33.227900", "type": "looking_away", "count": 1135}
{"timestamp": "2024-11-08T14:15:33.253908", "type": "looking_away", "count": 1136}
{"timestamp": "2024-11-08T14:15:33.309431", "type": "looking_away", "count": 1137}
{"timestamp": "2024-11-08T14:15:33.333960", "type": "looking_away", "count": 1138}
{"timestamp": "2024-11-08T14:15:33.363485", "type": "looking_away", "count": 1139}
{"timestamp": "2024-11-08T14:15:33.407490", "type": "looking_away", "count": 1140}
{"timestamp": "2024-11-08T14:15:33.432009", "type": "looking_away", "count": 1141}
{"timestamp": "2024-11-08T14:15:33.455020", "type": "looking_away", "count": 1142}
{"timestamp": "2024-11-08T14:15:34.206434", "type": "looking_away", "count": 1143}
{"timestamp": "2024-11-08T14:15:34.230958", "type": "looking_away", "count": 1144}
{"timestamp": "2024-11-08T14:15:34.567057", "type": "looking_away", "count": 1145}
{"timestamp": "2024-11-08T14:15:34.603060", "type": "looking_away", "count": 1146}
{"timestamp": "2024-11-08T14:15:34.624584", "type": "looking_away", "count": 1147}
{"timestamp": "2024-11-08T14:15:34.650597", "type": "looking_away", "count": 1148}
{"timestamp": "2024-11-08T14:15:34.696114", "type": "looking_away", "count": 1149}
{"timestamp": "2024-11-08T14:15:34.719640", "type": "looking_away", "count": 1150}
{"timestamp": "2024-11-08T14:15:34.743647", "type": "looking_away", "count": 1151}
{"timestamp": "2024-11-08T14:15:34.809172", "type": "looking_away", "count": 1152}
{"timestamp": "2024-11-08T14:15:34.833692", "type": "looking_away", "count": 1153}
{"timestamp": "2024-11-08T14:15:34.856698", "type": "looking_away", "count": 1154}
{"timestamp": "2024-11-08T14:15:34.901222", "type": "looking_away", "count": 1155}
{"timestamp": "2024-11-08T14:15:34.923760", "type": "looking_away", "count": 1156}
{"timestamp": "2024-11-08T14:15:34.955769", "type": "looking_away", "count": 1157}
{"timestamp": "2024-11-08T14:15:35.007296", "type": "looking_away", "count": 1158}
{"timestamp": "2024-11-08T14:15:35.032818", "type": "looking_away", "count": 1159}
{"timestamp": "2024-11-08T14:15:35.055826", "type": "looking_away", "count": 1160}
{"timestamp": "2024-11-08T14:15:35.111796", "type": "looking_away", "count": 1161}
{"timestamp": "2024-11-08T14:15:35.222366", "type": "looking_away", "count": 1162}
{"timestamp": "2024-11-08T14:15:35.247365", "type": "looking_away", "count": 1163}
{"timestamp": "2024-11-08T14:15:35.270372", "type": "looking_away", "count": 1164}
{"timestamp": "2024-11-08T14:15:35.310892", "type": "looking_away", "count": 1165}
{"timestamp": "2024-11-08T14:15:35.332408", "type": "looking_away", "count": 1166}
{"timestamp": "2024-11-08T14:15:35.357413", "type": "looking_away", "count": 1167}
{"timestamp": "2024-11-08T14:15:35.400932", "type": "looking_away", "count": 1168}
{"timestamp": "2024-11-08T14:15:35.424451", "type": "looking_away", "count": 1169}
{"timestamp": "2024-11-08T14:15:35.448459", "type": "looking_away", "count": 1170}
{"timestamp": "2024-11-08T14:15:35.520500", "type": "looking_away", "count": 1171}
{"timestamp": "2024-11-08T14:15:35.549502", "type": "looking_away", "count": 1172}
{"timestamp": "2024-11-08T14:15:35.573508", "type": "looking_away", "count": 1173}
{"timestamp": "2024-11-08T14:15:35.623540", "type": "looking_away", "count": 1174}
{"timestamp": "2024-11-08T14:15:35.647542", "type": "looking_away", "count": 1175}
{"timestamp": "2024-11-08T14:15:35.670540", "type": "looking_away", "count": 1176}
{"timestamp": "2024-11-08T14:15:35.703084", "type": "looking_away", "count": 1177}
{"timestamp": "2024-11-08T14:15:35.728620", "type": "looking_away", "count": 1178}
{"timestamp": "2024-11-08T14:15:35.750613", "type": "looking_away", "count": 1179}
{"timestamp": "2024-11-08T14:15:37.404216", "type": "looking_away", "count": 1180}
{"timestamp": "2024-11-08T14:15:37.427740", "type": "looking_away", "count": 1181}
{"timestamp": "2024-11-08T14:15:37.452744", "type": "looking_away", "count": 1182}
{"timestamp": "2024-11-08T14:15:37.514789", "type": "looking_away", "count": 1183}
{"timestamp": "2024-11-08T14:15:37.544305", "type": "looking_away", "count": 1184}
{"timestamp": "2024-11-08T14:15:37.580842", "type": "looking_away", "count": 1185}
{"timestamp": "2024-11-08T14:15:37.656426", "type": "looking_away", "count": 1186}
